state,rank,expected_depth,actual_depth,instructions_retired,model_ms,replay_final_rank,within_budget
12345672121232,275,11,11,25773785,2277,0,True
12345672123212,291,11,11,24707084,2050,0,True
12345672321212,435,11,11,25940010,2255,0,True
12345673131323,547,11,11,25052528,2126,0,True
12345673132313,555,11,11,29648072,2449,0,True
12345673231313,627,11,11,28812019,2448,0,True
12345761111111,729,11,11,17368532,1628,0,True
12346571111231,1463,11,11,12846503,1087,0,True
12346751113133,2207,11,11,17895374,1530,0,True
12347561112212,2928,11,11,16379479,1369,0,True
12347651111111,3645,11,11,27188562,2287,0,True
12347651122112,3681,11,11,16811947,1449,0,True
12347651133311,3723,11,11,15324256,1309,0,True
12347652111221,3892,11,11,13807341,1147,0,True
12347652123233,3938,11,11,16338816,1361,0,True
12347652123332,3941,11,11,20136204,1697,0,True
12347652223232,4019,11,11,15240356,1270,0,True
12347653111133,4133,11,11,16271342,1368,0,True
12347653132223,4198,11,11,13912071,1192,0,True
12347653132322,4201,11,11,13594685,1167,0,True
12347653332323,4363,11,11,15320862,1269,0,True
12354671111111,4374,11,11,19173954,1586,0,True
12354761112323,5119,11,11,25372132,2108,0,True
12354762121112,5373,11,11,18062288,1498,0,True
12354762121211,5376,11,11,19629657,1636,0,True
12354762311123,5509,11,11,14747001,1262,0,True
12354763131131,5645,11,11,16430928,1373,0,True
12354763133111,5661,11,11,14930214,1262,0,True
12354763211123,5671,11,11,17487358,1452,0,True
12356471113133,5852,11,11,15796619,1329,0,True
12356741133131,6635,11,11,21412726,1782,0,True
12356741313131,6743,11,11,22296870,1921,0,True
12356743113131,7067,11,11,22426979,1905,0,True
12357461111222,7294,11,11,17318480,1444,0,True
12357461113331,7316,11,11,16663633,1472,0,True
12357462211112,7614,11,11,17166649,1413,0,True
12357641113331,8045,11,11,16170625,1361,0,True
12364571112212,8760,11,11,18029885,1555,0,True
12364751112212,9489,11,11,15449876,1291,0,True
12364751113133,9497,11,11,16246090,1361,0,True
12364753311131,10127,11,11,15596057,1386,0,True
12365471111111,10206,11,11,19155607,1621,0,True
12365471211122,10288,11,11,16220285,1429,0,True
12365471313113,10386,11,11,13429630,1186,0,True
12365472223232,10580,11,11,15031717,1325,0,True
12365472321233,10643,11,11,17360725,1444,0,True
12365473232312,10842,11,11,13658968,1142,0,True
12365473332323,10924,11,11,13709610,1132,0,True
12365741113331,10961,11,11,16336298,1358,0,True
12367451123333,11717,11,11,24089094,2022,0,True
12367451132222,11731,11,11,21944575,1858,0,True
12367451213333,11771,11,11,23360512,1997,0,True
12367451312222,11839,11,11,28571705,2581,0,True
12367452113333,11933,11,11,25832235,2183,0,True
12367453112222,12163,11,11,23283419,1952,0,True
12367541112212,12405,11,11,20210439,1754,0,True
12367541113331,12419,11,11,23162170,1941,0,True
12367541331131,12611,11,11,14828227,1240,0,True
12374561121212,13152,11,11,22348475,1878,0,True
12374561211212,13206,11,11,21999895,1841,0,True
12374562111212,13368,11,11,26122480,2224,0,True
12374651111222,13855,11,11,18103397,1508,0,True
12375461111222,14584,11,11,17498073,1458,0,True
12375641113112,15327,11,11,16528959,1461,0,True
12376451111222,16042,11,11,18425178,1604,0,True
12376451113133,16058,11,11,17595022,1464,0,True
12376451221211,16149,11,11,15170609,1302,0,True
12376541112323,16783,11,11,18344758,1626,0,True
12376541232233,16916,11,11,21713053,1972,0,True
12376541322233,16970,11,11,15046375,1305,0,True
12376542121232,17042,11,11,16750263,1457,0,True
12376542123212,17058,11,11,15448103,1319,0,True
12376543133132,17327,11,11,13495340,1132,0,True
12376543133231,17330,11,11,13418133,1184,0,True
12456731132321,24127,11,11,24477116,2070,0,True
12456731233223,24214,11,11,14528189,1214,0,True
12456733223321,24676,11,11,14624225,1255,0,True
12463751231231,27113,11,11,15444045,1305,0,True
12467351131121,29215,11,11,15464581,1308,0,True
12467351231321,29302,11,11,13395051,1149,0,True
12473561132123,30682,11,11,14721362,1272,0,True
12536741112323,37195,11,11,15862295,1283,0,True
12537461332112,38133,11,11,14760956,1207,0,True
12543671111111,39366,11,11,19698725,1621,0,True
12543671211212,39450,11,11,15342669,1314,0,True
12543671331113,39582,11,11,14076922,1256,0,True
12543672121121,39637,11,11,14372099,1275,0,True
12543672321332,39806,11,11,14853482,1393,0,True
12543672322232,39812,11,11,14395987,1226,0,True
12543672331232,39830,11,11,13649027,1243,0,True
12543673111331,39860,11,11,14025374,1283,0,True
12543673221323,39967,11,11,14700662,1318,0,True
12543673231223,39991,11,11,14072538,1165,0,True
12543673233323,40012,11,11,17872499,1521,0,True
12546371221331,40940,11,11,14654386,1213,0,True
12563472131213,44040,11,11,18233931,1635,0,True
12563473131212,44283,11,11,17089040,1424,0,True
12564733323122,46621,11,11,14025831,1168,0,True
12567433232333,48023,11,11,14580049,1254,0,True
12576343212221,51610,11,11,17966965,1577,0,True
12637451132111,55467,11,11,17248002,1503,0,True
12637451332112,55629,11,11,12944376,1116,0,True
12643571321321,57058,11,11,14234639,1188,0,True
12645371131121,58375,11,11,15979264,1341,0,True
12673542331133,66800,11,11,19725382,1637,0,True
12734561112323,70000,11,11,15772804,1351,0,True
12734561322233,70187,11,11,13902964,1221,0,True
12734562313223,70411,11,11,13326905,1109,0,True
12745631111111,76545,11,11,46622407,4133,0,True
12745632111122,76789,11,11,15332697,1284,0,True
12745632212213,76881,11,11,18089890,1546,0,True
12745632222221,76909,11,11,14699738,1215,0,True
12745632232211,76935,11,11,17481656,1510,0,True
12745633131131,77087,11,11,16383428,1399,0,True
12745633313312,77217,11,11,14338160,1373,0,True
12745633313333,77219,11,11,15287721,1282,0,True
12745633323311,77244,11,11,14523881,1188,0,True
12753462231323,79117,11,11,16378323,1357,0,True
12763452322232,83552,11,11,14785846,1222,0,True
12765432121313,87027,11,11,16624637,1369,0,True
12765432222212,87114,11,11,25156340,2144,0,True
12765433121213,87267,11,11,18858920,1545,0,True
12765433331333,87461,11,11,17233708,1548,0,True
13245671321111,87669,11,11,16663004,1380,0,True
13246571111111,88938,11,11,21075767,1930,0,True
13246571112233,88952,11,11,14177498,1234,0,True
13246571113232,88961,11,11,21982270,1876,0,True
13246572321332,89378,11,11,16652654,1505,0,True
13246572331232,89402,11,11,15047904,1300,0,True
13246573221233,89537,11,11,15557427,1279,0,True
13246573321223,89617,11,11,15858850,1390,0,True
13246752133211,89985,11,11,19333823,1667,0,True
13247563212131,90974,11,11,17235069,1454,0,True
13254761322233,92786,11,11,16401601,1386,0,True
13254761323322,92797,11,11,14088112,1194,0,True
13254762321233,93020,11,11,19488672,1637,0,True
13254763323122,93277,11,11,16672216,1381,0,True
13257641112233,95513,11,11,14322006,1331,0,True
13265741112323,98431,11,11,23676160,2074,0,True
13265742131312,98718,11,11,20225357,1726,0,True
13267451122211,99183,11,11,17589150,1466,0,True
13267451311133,99308,11,11,14750439,1242,0,True
13267541111132,99875,11,11,18769725,1525,0,True
13267541232212,100020,11,11,17122628,1398,0,True
13274651112323,101347,11,11,20900920,1711,0,True
13275461112233,102074,11,11,15764190,1321,0,True
13275463213211,102648,11,11,15587146,1328,0,True
13275641112233,102803,11,11,19041177,1555,0,True
13275641112323,102805,11,11,23691522,1941,0,True
13275642131333,103094,11,11,17960573,1516,0,True
13275643212221,103369,11,11,19230622,1588,0,True
13276451113211,103539,11,11,20685605,1690,0,True
13276451233133,103673,11,11,20583511,1690,0,True
13276541133122,104320,11,11,15281106,1265,0,True
13276541213312,104352,11,11,20530964,1743,0,True
13276541321123,104437,11,11,15326855,1277,0,True
13276541322311,104451,11,11,19733523,1643,0,True
13276541323112,104454,11,11,12893545,1099,0,True
13276541323322,104461,11,11,13453224,1204,0,True
13276542323312,104703,11,11,15356666,1301,0,True
13276543323122,104941,11,11,14845989,1261,0,True
13462571111111,113724,11,11,16571580,1402,0,True
13462572213311,114072,11,11,13786656,1205,0,True
13527461211113,125469,11,11,16444092,1420,0,True
13542671231231,126986,11,11,13144616,1138,0,True
13546271213213,128406,11,11,14705516,1536,0,True
13546271231231,128444,11,11,18949183,1716,0,True
13546271321321,128500,11,11,16285461,1411,0,True
13572641122133,136361,11,11,20921854,1739,0,True
13576241312213,138684,11,11,20401914,1713,0,True
13576241321321,138706,11,11,16363460,1357,0,True
13627451332112,143109,11,11,14589952,1220,0,True
13642571221223,144454,11,11,19390395,1617,0,True
13642571223221,144472,11,11,19353602,1592,0,True
13642573221221,144940,11,11,21936380,1818,0,True
13645271221331,145916,11,11,13626167,1193,0,True
13647521111111,147987,11,11,15980378,1317,0,True
13675241112323,156022,11,11,17488353,1459,0,True
13675242331313,156471,11,11,15728714,1317,0,True
13725642332132,160121,11,11,16177175,1337,0,True
13754262123323,167965,11,11,31178674,2583,0,True
13762451321321,170782,11,11,13641520,1135,0,True
13764251211311,172131,11,11,12543075,1071,0,True
13764252323231,172499,11,11,14518312,1197,0,True
13765422121211,174504,11,11,19438145,1599,0,True
14263751131121,184492,11,11,14645689,1235,0,True
14267351321321,186820,11,11,14811775,1206,0,True
14275633323122,190963,11,11,15792796,1350,0,True
14325671111111,192456,11,11,54132705,4845,0,False
14325672112121,192709,11,11,14354784,1272,0,True
14325672231323,192841,11,11,14858435,1377,0,True
14325672323222,192910,11,11,14496516,1188,0,True
14325673123232,192992,11,11,14818536,1288,0,True
14325673232333,193094,11,11,13920342,1166,0,True
14325673311131,193106,11,11,16868838,1471,0,True
14327652131213,196401,11,11,16149860,1398,0,True
14327653121213,196617,11,11,17173657,1426,0,True
14352672212111,197163,11,11,15465732,1289,0,True
14356721112323,199033,11,11,16084570,1431,0,True
14356721322233,199220,11,11,18801553,1568,0,True
14367252322232,204566,11,11,14883067,1238,0,True
14367523311113,205497,11,11,26153661,2269,0,True
14523672121313,210228,11,11,16600532,1501,0,True
14523673121312,210471,11,11,20027652,1680,0,True
14527631121311,213630,11,11,15403341,1248,0,True
14527631131211,213654,11,11,14839311,1215,0,True
14527631133311,213675,11,11,14335837,1217,0,True
14527631211131,213680,11,11,16213985,1349,0,True
14527631311121,213760,11,11,15991454,1347,0,True
14527632122213,213879,11,11,16145969,1407,0,True
14527632212111,213930,11,11,16406834,1395,0,True
14527632333332,214082,11,11,19307705,1638,0,True
14527633132322,214153,11,11,14977972,1251,0,True
14527633312133,214256,11,11,15438682,1316,0,True
14536273311311,216438,11,11,17259874,1482,0,True
14537622231323,218356,11,11,15231580,1264,0,True
14563272323222,220612,11,11,14056728,1486,0,True
14567231312213,221790,11,11,20420817,1680,0,True
14567231321123,221806,11,11,17436303,1439,0,True
14573261333111,224766,11,11,16640399,1375,0,True
14625731111111,229635,11,11,20810078,1716,0,True
14625731131121,229690,11,11,16518911,1346,0,True
14625731322233,229838,11,11,14890463,1212,0,True
14625732112121,229888,11,11,15643972,1267,0,True
14625732113321,229903,11,11,17450871,1456,0,True
14625732213323,229984,11,11,14726526,1195,0,True
14625732233111,230031,11,11,16202132,1309,0,True
14625733133111,230193,11,11,14587526,1216,0,True
14632571111111,231822,11,11,25475667,2070,0,True
14632571321132,232013,11,11,15029247,1272,0,True
14652733321331,237608,11,11,16233678,1369,0,True
14673251111111,242028,11,11,20303640,1643,0,True
14723651111213,245676,11,11,14708327,1207,0,True
14723651111312,245679,11,11,18704607,1563,0,True
14723651112131,245684,11,11,14824554,1185,0,True
14723651113121,245692,11,11,14210965,1175,0,True
14723651211212,245757,11,11,13527565,1100,0,True
14723652322121,246115,11,11,12609266,1075,0,True
14723652331232,246137,11,11,15555930,1318,0,True
14723653232222,246307,11,11,14132346,1205,0,True
14723653313111,246339,11,11,14658710,1264,0,True
14723653321313,246354,11,11,17935783,1568,0,True
14725361111111,246402,11,11,16835545,1399,0,True
14725361111123,246403,11,11,14658790,1296,0,True
14725361322332,246608,11,11,15734871,1319,0,True
14725362211121,246727,11,11,18222335,1509,0,True
14725363211213,246972,11,11,14230415,1225,0,True
14725363213121,246988,11,11,13793881,1210,0,True
14725363223213,247017,11,11,14505477,1236,0,True
14725363311113,247050,11,11,18563820,1594,0,True
14726531223122,248716,11,11,16158284,1362,0,True
14726531232122,248734,11,11,16185432,1380,0,True
14726531233313,248748,11,11,14415428,1237,0,True
14726531333312,248829,11,11,13413391,1155,0,True
14726532232313,248982,11,11,16669604,1424,0,True
14726533323122,249283,11,11,14097496,1209,0,True
14735621221112,251613,11,11,14552316,1243,0,True
14735621223113,251631,11,11,13429592,1185,0,True
14735621223332,251639,11,11,21261976,1889,0,True
14735621233112,251658,11,11,17892590,1546,0,True
14735621323112,251712,11,11,17029565,1408,0,True
14735621332112,251730,11,11,13190840,1084,0,True
14735621333111,251739,11,11,14075559,1157,0,True
14735621333222,251743,11,11,13188110,1109,0,True
14736251111132,252236,11,11,15759403,1287,0,True
14736251112332,252251,11,11,14506892,1265,0,True
14736253222223,252841,11,11,14693827,1218,0,True
14736521132222,253030,11,11,15922401,1295,0,True
14736521133131,253037,11,11,15702284,1282,0,True
14736521211212,253047,11,11,15054349,1245,0,True
14736521213333,253070,11,11,15410235,1283,0,True
14736521221313,253077,11,11,15934366,1316,0,True
14736521321231,253157,11,11,21572170,1780,0,True
14736521322233,253166,11,11,14383311,1173,0,True
14736521332121,253189,11,11,18115220,1487,0,True
14736523112222,253462,11,11,16008660,1312,0,True
14736523113131,253469,11,11,15091500,1233,0,True
14752363222121,254296,11,11,13866436,1148,0,True
14752363232222,254326,11,11,17852728,1470,0,True
14752363233131,254333,11,11,15889985,1323,0,True
14752631111111,254421,11,11,19721811,1633,0,True
14752631112311,254436,11,11,16357000,1338,0,True
14752631323223,254632,11,11,14497322,1284,0,True
14752632332132,254891,11,11,14010864,1180,0,True
14752633213223,255010,11,11,14271536,1217,0,True
14752633222223,255028,11,11,15220760,1283,0,True
14752633223123,255034,11,11,14733458,1215,0,True
14752633223231,255038,11,11,15986418,1301,0,True
14753261221112,255258,11,11,14424659,1226,0,True
14753261323112,255357,11,11,17899546,1467,0,True
14753261333111,255384,11,11,14455026,1202,0,True
14762351221331,258182,11,11,16578165,1404,0,True
14762351321231,258260,11,11,17793671,1471,0,True
14762351331221,258286,11,11,13590655,1123,0,True
14763251221223,259636,11,11,25463104,2104,0,True
14763251222312,259647,11,11,23653342,1968,0,True
14763251332331,259757,11,11,22329490,1837,0,True
14763251333123,259759,11,11,21097156,1762,0,True
14763252322121,259966,11,11,20457149,1686,0,True
14763253132232,260078,11,11,20096480,1668,0,True
14763253133132,260084,11,11,20078333,1706,0,True
14763253133222,260086,11,11,21763323,1831,0,True
14763253133231,260087,11,11,21057443,1756,0,True
14763253221221,260122,11,11,20252106,1663,0,True
14763253222112,260127,11,11,23224473,2041,0,True
14763521113211,260274,11,11,16015930,1372,0,True
14763521113223,260275,11,11,14639442,1214,0,True
14763523222331,260864,11,11,12348800,1042,0,True
14765231111213,260985,11,11,15847799,1314,0,True
14765231111312,260988,11,11,16528686,1399,0,True
14765231112131,260993,11,11,15442008,1329,0,True
14765231113121,261001,11,11,14124752,1154,0,True
14765231133131,261056,11,11,14268928,1149,0,True
14765232211211,261309,11,11,14559784,1196,0,True
14765232232322,261376,11,11,14440470,1181,0,True
14765232331313,261447,11,11,14465713,1186,0,True
14765233113131,261488,11,11,13644240,1110,0,True
14765233323332,261683,11,11,14564366,1229,0,True
15236471111111,263898,11,11,18715320,1538,0,True
15236473231121,264520,11,11,13038251,1055,0,True
15243671331221,267034,11,11,14639074,1294,0,True
15246371331332,268496,11,11,20159691,1954,0,True
15246371332331,268505,11,11,19509867,1617,0,True
15246372331331,268739,11,11,19273061,1606,0,True
15267431223113,274959,11,11,14694646,1206,0,True
15273641112323,276307,11,11,18269897,1479,0,True
15324673113311,280446,11,11,25115812,2061,0,True
15342671211311,284397,11,11,12541323,1033,0,True
15346271321321,285964,11,11,13436239,1109,0,True
15367421211113,292410,11,11,17828101,1496,0,True
15367421223113,292455,11,11,13291365,1203,0,True
15367423211123,292897,11,11,15422816,1289,0,True
15426371111111,298890,11,11,16579148,1340,0,True
15426371112233,298904,11,11,14612282,1187,0,True
15463271313113,307818,11,11,16252705,1385,0,True
15624732123212,317406,11,11,19836331,1648,0,True
15624732133313,317436,11,11,16530132,1382,0,True
15624732333332,317600,11,11,15522429,1329,0,True
15627431223113,318699,11,11,13291666,1113,0,True
15627431322113,318771,11,11,18227873,1582,0,True
15627431332112,318798,11,11,13548421,1108,0,True
15634722123332,321785,11,11,21086203,1759,0,True
15634722321233,321926,11,11,15297848,1257,0,True
15637423211123,323515,11,11,17199826,1381,0,True
15642371111111,323676,11,11,35142003,3002,0,True
15642372213311,324024,11,11,15056969,1306,0,True
15642372231332,324062,11,11,15517005,1309,0,True
15642372331322,324142,11,11,14449066,1324,0,True
15642373212311,324258,11,11,14759436,1228,0,True
15642373221323,324277,11,11,15655918,1321,0,True
15642373231223,324301,11,11,17711890,1464,0,True
15643271221331,325250,11,11,14253089,1189,0,True
15643271331221,325354,11,11,15125638,1238,0,True
15643273223111,325746,11,11,13405169,1123,0,True
15647233213232,327182,11,11,13380656,1122,0,True
15672341113232,328073,11,11,17294515,1407,0,True
15672341323112,328257,11,11,13710222,1122,0,True
15672342323312,328506,11,11,15776689,1291,0,True
15672343213232,328640,11,11,13392576,1119,0,True
15672433312133,329438,11,11,18912439,1561,0,True
15724362212132,334217,11,11,18265353,1551,0,True
15724631111111,334611,11,11,17150967,1491,0,True
15724631211311,334698,11,11,13959340,1216,0,True
15724631322233,334814,11,11,15771046,1346,0,True
15724632123233,334904,11,11,19731620,1644,0,True
15724632313223,335038,11,11,14592176,1252,0,True
15724632323231,335066,11,11,16192385,1368,0,True
15724632323333,335069,11,11,16082355,1348,0,True
15724633132322,335167,11,11,13521670,1185,0,True
15734622331223,339448,11,11,16162359,1378,0,True
15746321111111,344817,11,11,21611511,1805,0,True
15746321323211,345027,11,11,12917078,1096,0,True
15746322313112,345240,11,11,12129812,1073,0,True
15762342122213,345828,11,11,22483675,1924,0,True
15763241111111,347004,11,11,19191107,1606,0,True
15763242323132,347456,11,11,13736569,1184,0,True
16243571132132,354359,11,11,13682105,1144,0,True
16243571231231,354434,11,11,14763818,1250,0,True
16243571321321,354490,11,11,14149022,1194,0,True
16245371231231,355892,11,11,15300683,1347,0,True
16254733312223,361516,11,11,26463980,2253,0,True
16257431132111,362376,11,11,15580872,1361,0,True
16257433223123,362926,11,11,13204363,1123,0,True
16273541122133,363809,11,11,22369630,2321,0,True
16273541321321,363967,11,11,19762922,1721,0,True
16275341312213,366132,11,11,18636094,1588,0,True
16275343122221,366484,11,11,15260273,1323,0,True
16327453232333,370970,11,11,14327978,1223,0,True
16342571331221,372010,11,11,15134740,1477,0,True
16345271111111,373248,11,11,32773064,2639,0,True
16345271133131,373322,11,11,14754573,1252,0,True
16345271222111,373365,11,11,16103629,1448,0,True
16345272322232,373694,11,11,15559037,1387,0,True
16345272333212,373728,11,11,14164554,1316,0,True
16345273122323,373777,11,11,17272503,1581,0,True
16345273233323,373894,11,11,18531647,1732,0,True
16347252131312,375009,11,11,20898099,1905,0,True
16347253121312,375225,11,11,19776225,1869,0,True
16357421223113,379935,11,11,15265704,1370,0,True
16374521112323,382741,11,11,16167549,1467,0,True
16374523211123,383293,11,11,14389270,1284,0,True
16423572112121,385165,11,11,17139537,1579,0,True
16427531211311,388644,11,11,13756240,1252,0,True
16427531231321,388699,11,11,15180472,1411,0,True
16427532333233,389039,11,11,25017211,2331,0,True
16453271111111,395118,11,11,20770306,1800,0,True
16453271211113,395199,11,11,13870174,1234,0,True
16453272111131,395363,11,11,14024111,1354,0,True
16475233132313,401505,11,11,20673087,1875,0,True
16523473332323,403126,11,11,14227603,1351,0,True
16523741112212,403149,11,11,16662337,1491,0,True
16524731112212,404607,11,11,19251731,1788,0,True
16524731112233,404609,11,11,16539424,1558,0,True
16524731113133,404615,11,11,16368941,1380,0,True
16527341111111,405324,11,11,16265567,1458,0,True
16527431123333,406106,11,11,24109366,2194,0,True
16527431222132,406172,11,11,25058221,2263,0,True
16527431312222,406228,11,11,27189920,2493,0,True
16527431333213,406290,11,11,21520728,1853,0,True
16527432113333,406322,11,11,21842096,2048,0,True
16527432211322,406384,11,11,25206076,2176,0,True
16527432231122,406432,11,11,22660062,2025,0,True
16527432231332,406439,11,11,21624572,1942,0,True
16527432331322,406519,11,11,23108055,2158,0,True
16527432333113,406530,11,11,22495284,2194,0,True
16527433312133,406712,11,11,22076415,1934,0,True
16532471111222,406786,11,11,18463785,1609,0,True
16534271111111,408240,11,11,18255552,1755,0,True
16534271111132,408242,11,11,13618931,1202,0,True
16534273211111,408807,11,11,17113311,1489,0,True
16534723211123,409537,11,11,22366000,1944,0,True
16537421111222,410431,11,11,15087541,1337,0,True
16537421113322,410452,11,11,15226613,1394,0,True
16537421113331,410453,11,11,16026413,1474,0,True
16537421223113,410553,11,11,13291965,1203,0,True
16537421233112,410580,11,11,18700076,1672,0,True
16537421332112,410652,11,11,13467858,1274,0,True
16542371221331,411272,11,11,12668705,1159,0,True
16542371331221,411376,11,11,14039220,1290,0,True
16542372112331,411416,11,11,19551114,1768,0,True
16543271221223,412726,11,11,26732279,2396,0,True
16543271223221,412744,11,11,19907499,1709,0,True
16543271331332,412838,11,11,21577099,1959,0,True
16543271332331,412847,11,11,21790559,1961,0,True
16543272331331,413081,11,11,20172452,1814,0,True
16543273221221,413212,11,11,21512460,1949,0,True
16543721111111,413343,11,11,16666502,1523,0,True
16543721113211,413364,11,11,13655684,1235,0,True
16547233332323,414790,11,11,15711575,1435,0,True
16547321113331,414827,11,11,19668605,1789,0,True
16572431111111,416259,11,11,18859762,1700,0,True
16572433213223,416848,11,11,13561112,1195,0,True
16573241123123,417034,11,11,15854877,1515,0,True
16573241312312,417165,11,11,14268545,1298,0,True
16574231113133,418466,11,11,16743766,1550,0,True
16723451122133,419942,11,11,16793343,1500,0,True
16723451322311,420108,11,11,14874341,1313,0,True
16725431121311,423582,11,11,14223992,1229,0,True
16725431131211,423606,11,11,14679519,1246,0,True
16725431211122,423631,11,11,14811008,1308,0,True
16725431211131,423632,11,11,18211347,1702,0,True
16725431311121,423712,11,11,13765544,1204,0,True
16725432211121,423874,11,11,16298651,1404,0,True
16725432232223,423940,11,11,14308880,1191,0,True
16725433113311,424059,11,11,14666857,1275,0,True
16725433122212,424074,11,11,13848504,1169,0,True
16725433333232,424274,11,11,13174953,1177,0,True
16735242122213,427476,11,11,19811224,1787,0,True
16742352232313,429045,11,11,17652167,1624,0,True
16743252323222,430564,11,11,14446308,1260,0,True
16745232121313,431844,11,11,16911940,1487,0,True
16745232122222,431851,11,11,15722078,1412,0,True
16745233121213,432084,11,11,15529507,1487,0,True
16745233333313,432294,11,11,22506609,2019,0,True
16753241221112,434592,11,11,17141664,1549,0,True
17246351111111,444690,11,11,16203263,1397,0,True
17265433111313,454659,11,11,24642381,2208,0,True
17324561211323,454984,11,11,17033926,1576,0,True
17324561232332,455048,11,11,12408290,1072,0,True
17326452212111,458145,11,11,26187359,2304,0,True
17356241212313,466656,11,11,12619964,1233,0,True
17356242211331,466892,11,11,20005241,1794,0,True
17362451211311,468105,11,11,12391829,1229,0,True
17362451231321,468160,11,11,13930242,1346,0,True
17362452213311,468366,11,11,21424395,1967,0,True
17364251231231,469616,11,11,16618420,1534,0,True
17423653213232,473711,11,11,14093867,1335,0,True
17425631122112,474615,11,11,15142621,1470,0,True
17425631223113,474705,11,11,13579977,1229,0,True
17425631313113,474759,11,11,14732218,1330,0,True
17425631322113,474777,11,11,17334835,1581,0,True
17425631322332,474785,11,11,20371662,1803,0,True
17425631323112,474786,11,11,17532875,1508,0,True
17425631323223,474790,11,11,14266991,1234,0,True
17425631332112,474804,11,11,13921658,1183,0,True
17426531112233,476051,11,11,15125484,1340,0,True
17426531121212,476067,11,11,17046012,1546,0,True
17426531132312,476106,11,11,16682835,1531,0,True
17426531213123,476137,11,11,18178801,1662,0,True
17426531223221,476167,11,11,13380813,1229,0,True
17426531232233,476186,11,11,21262188,1944,0,True
17426531313131,476219,11,11,17107462,1549,0,True
17426531331332,476261,11,11,14038420,1281,0,True
17426532121211,476310,11,11,15557670,1395,0,True
17426532331331,476504,11,11,15405545,1334,0,True
17435622211133,479279,11,11,20413279,1831,0,True
17435623211123,479521,11,11,21991812,1859,0,True
17436521323232,480623,11,11,13418596,1139,0,True
17452363213232,481730,11,11,13532405,1321,0,True
17452363322132,481826,11,11,13628754,1269,0,True
17452633213232,482459,11,11,17478020,1610,0,True
17453262211133,482924,11,11,15523223,1447,0,True
17462352213311,485862,11,11,16139909,1386,0,True
17463251122112,487008,11,11,14953211,1316,0,True
17463251221331,487088,11,11,12606784,1176,0,True
17463251313113,487152,11,11,14517066,1338,0,True
17463251321231,487166,11,11,15679458,1476,0,True
17463251323112,487179,11,11,17889822,1626,0,True
17463251331221,487192,11,11,13389285,1249,0,True
17526431131121,493588,11,11,15040195,1384,0,True
17526431231321,493675,11,11,15844405,1408,0,True
17526432123233,493826,11,11,20970088,1978,0,True
17543261111111,500094,11,11,21398660,1963,0,True
17543261132111,500157,11,11,13621688,1161,0,True
17642531111111,516861,11,11,16153194,1364,0,True
17642531112233,516875,11,11,19386997,1713,0,True
17642533312211,517521,11,11,13796146,1209,0,True
17643251122112,517626,11,11,16340440,1435,0,True
21345671111111,524880,11,11,20139833,1799,0,True
21345762223322,525985,11,11,24067592,2121,0,True
21345762312323,526030,11,11,19013410,1742,0,True
21345762313223,526036,11,11,17095652,1567,0,True
21345763332233,526325,11,11,18342485,1762,0,True
21346752313322,527497,11,11,20462274,2069,0,True
21347562312323,528217,11,11,25602679,2198,0,True
21354671122112,529290,11,11,14940057,1296,0,True
21354671131313,529314,11,11,18411919,1644,0,True
21354671221112,529362,11,11,15194230,1316,0,True
21354672311123,529660,11,11,16835066,1479,0,True
21354672311132,529661,11,11,18458933,1687,0,True
21354672313211,529680,11,11,52254078,4935,0,False
21354673131113,529794,11,11,18317200,1573,0,True
21354761112233,529997,11,11,15621102,1329,0,True
21354761112311,529998,11,11,14579762,1240,0,True
21354761113211,530004,11,11,16173539,1417,0,True
21354761113322,530008,11,11,14804348,1365,0,True
21354761122211,530022,11,11,19419999,1771,0,True
21354761133311,530061,11,11,16293487,1493,0,True
21354762213311,530331,11,11,13636503,1212,0,True
21354763312211,530643,11,11,14568230,1435,0,True
21357462311111,532575,11,11,20175298,1821,0,True
21357463213331,532763,11,11,18664934,1617,0,True
21357642221132,533252,11,11,19457233,1719,0,True
21364752311111,534762,11,11,17460855,1589,0,True
21364753212212,534936,11,11,16441802,1445,0,True
21365742221312,536172,11,11,14258989,1297,0,True
21365742312323,536236,11,11,17255134,1648,0,True
21367451311331,536714,11,11,14793493,1289,0,True
21367452112112,536796,11,11,14529828,1487,0,True
21374653333121,539452,11,11,16177712,1362,0,True
21375462312233,539879,11,11,15861353,1361,0,True
21375463333211,540183,11,11,17199985,1536,0,True
21376541111123,541648,11,11,15519698,1349,0,True
21376541112311,541662,11,11,14984787,1314,0,True
21376541122211,541686,11,11,20382913,1759,0,True
21376541131133,541703,11,11,15868675,1435,0,True
21457631321123,550585,11,11,21156088,1981,0,True
21473563331312,556206,11,11,18908980,1708,0,True
21536742222131,562421,11,11,18632170,1569,0,True
21654372231323,587959,11,11,16394919,1441,0,True
21654372233321,587977,11,11,14968700,1316,0,True
21654373332122,588286,11,11,14730946,1277,0,True
21654373332221,588289,11,11,14624850,1353,0,True
21734652123131,595883,11,11,14374959,1402,0,True
23147562123131,615566,11,11,20804708,1896,0,True
23147651112323,616021,11,11,17166145,1506,0,True
23147652312323,616426,11,11,14959627,1289,0,True
23156471222132,618311,11,11,16087206,1401,0,True
23156471333132,618428,11,11,13628660,1180,0,True
23156473323332,618893,11,11,15128935,1291,0,True
23157461231333,619793,11,11,17061512,1457,0,True
23157462131123,619948,11,11,21285732,1842,0,True
23164573213133,621695,11,11,17056453,1570,0,True
23164752131312,622140,11,11,16284020,1476,0,True
23164753333313,622563,11,11,15848513,1408,0,True
23165471111111,622566,11,11,17225328,1564,0,True
23165471311133,622730,11,11,15564140,1407,0,True
23165471312132,622739,11,11,14477363,1288,0,True
23165472111122,622810,11,11,16247304,1488,0,True
23165472111332,622817,11,11,13895819,1236,0,True
23165472132332,622880,11,11,15985459,1501,0,True
23165472311111,622971,11,11,14881349,1348,0,True
23165473233221,623209,11,11,17612413,1611,0,True
23165741112323,623311,11,11,21590951,1966,0,True
23165741231312,623436,11,11,19639467,2017,0,True
23165742123131,623585,11,11,19485781,1846,0,True
23165742131321,623599,11,11,24010592,2290,0,True
23165742131333,623600,11,11,28083642,2622,0,True
23165742312323,623716,11,11,19434036,1852,0,True
23165743331312,624003,11,11,28159780,2515,0,True
23167541233322,624913,11,11,16336091,1497,0,True
23167542131222,625054,11,11,16162093,1369,0,True
23174652123131,626501,11,11,16912416,1463,0,True
23175463211222,627511,11,11,17657643,1769,0,True
23176452132221,628708,11,11,16258944,1560,0,True
23176453332233,629114,11,11,17304808,1651,0,True
23416752121211,632316,11,11,21871826,1985,0,True
23417563232123,633403,11,11,14451173,1231,0,True
23456173212332,636272,11,11,12575149,1092,0,True
23456173233122,636328,11,11,16058113,1330,0,True
23456713212332,637001,11,11,13076988,1149,0,True
23475162121112,644706,11,11,20483896,1851,0,True
23517462131333,650573,11,11,22047582,2143,0,True
23576412233321,664522,11,11,14596475,1373,0,True
23576412312323,664540,11,11,14011451,1328,0,True
23657142121112,676782,11,11,22201477,1978,0,True
23671452122333,678257,11,11,30554874,2658,0,True
23674153232321,680065,11,11,13224888,1253,0,True
23751461132123,691156,11,11,12632224,1107,0,True
23751463112321,691594,11,11,12773778,1138,0,True
23756143222331,694619,11,11,15945585,1486,0,True
23756411222312,694860,11,11,19709823,1808,0,True
23756413222112,695340,11,11,20604890,1863,0,True
23756413223312,695355,11,11,19758422,1906,0,True
23756413322312,695427,11,11,20690217,1781,0,True
24153672321233,704651,11,11,16194253,1462,0,True
24157361313212,707313,11,11,14776634,1345,0,True
24157362323111,707580,11,11,14562446,1235,0,True
24167353132232,712058,11,11,21384953,1870,0,True
24173652323231,714146,11,11,13482428,1156,0,True
24315673311311,717990,11,11,25560033,2498,0,True
24315761122322,718108,11,11,17770795,1657,0,True
24315762213323,718414,11,11,16221803,1459,0,True
24351671212211,721803,11,11,20358619,1874,0,True
24351673111133,722198,11,11,20718932,1819,0,True
24351673311311,722364,11,11,23986423,2309,0,True
24351761111123,722440,11,11,24544021,2330,0,True
24351761212232,722534,11,11,17317649,1587,0,True
24367511323112,729936,11,11,18116388,1613,0,True
24367513111121,730216,11,11,13550074,1229,0,True
24376512222122,734464,11,11,22229706,2062,0,True
24516732233111,737415,11,11,16549813,1446,0,True
24531673123121,739738,11,11,18514944,1767,0,True
24536713231232,742019,11,11,16488686,1565,0,True
24537613231322,743479,11,11,21439629,1864,0,True
24561372111131,743825,11,11,16164151,1412,0,True
24563711121212,745797,11,11,20535417,2044,0,True
24563712121232,746042,11,11,20697452,1917,0,True
24563713121222,746284,11,11,26540919,2490,0,True
24571362221213,748308,11,11,19139705,1764,0,True
24571631121212,748713,11,11,19085044,1778,0,True
24615371112332,753803,11,11,15329771,1430,0,True
24615372213311,754134,11,11,29063058,2609,0,True
24615731122313,754557,11,11,20170287,1835,0,True
24615731132333,754586,11,11,27634307,2526,0,True
24615732111323,754765,11,11,24390474,2393,0,True
24615732213311,754863,11,11,16642813,1530,0,True
24615732233321,754918,11,11,19783476,1817,0,True
24615733113323,755026,11,11,28427435,2673,0,True
24615733311122,755164,11,11,17357489,1604,0,True
24617532233321,756376,11,11,22080210,2120,0,True
24637512311132,760754,11,11,20692666,1969,0,True
24651731113223,761827,11,11,16150856,1552,0,True
24651731333333,762047,11,11,14543527,1325,0,True
24715363311332,771938,11,11,17417244,1693,0,True
24715631111111,772011,11,11,18388309,1706,0,True
24715631122121,772048,11,11,18256404,1699,0,True
24715631122133,772049,11,11,14700403,1258,0,True
24715632313223,772438,11,11,13327345,1239,0,True
24715633112111,772506,11,11,13113814,1336,0,True
24715633131131,772553,11,11,17791478,1844,0,True
24716532323231,773924,11,11,20652677,1953,0,True
24731561111111,774198,11,11,25695244,2782,0,True
24731562311231,774608,11,11,14951891,1398,0,True
24736512222332,778211,11,11,21491943,2043,0,True
24751362221231,778928,11,11,26596090,2512,0,True
24751362321113,779004,11,11,32050057,2932,0,True
24761531221223,783787,11,11,20795487,1881,0,True
24763151111111,784404,11,11,17161490,1564,0,True
24765313222112,787194,11,11,17523941,1582,0,True
25134672233321,787723,11,11,14472413,1240,0,True
25134672312323,787741,11,11,13899198,1307,0,True
25134672313211,787746,11,11,18635031,1754,0,True
25137461111111,790236,11,11,18733698,1727,0,True
25137461211323,790324,11,11,12893013,1175,0,True
25163741112323,796813,11,11,17052059,1464,0,True
25314673111313,805308,11,11,34754078,3259,0,True
25314673111331,805310,11,11,33202664,3162,0,True
25314673131311,805362,11,11,34329518,3017,0,True
25341673113311,809700,11,11,28700781,2680,0,True
25341762313223,810346,11,11,24268282,2215,0,True
25364172311231,815432,11,11,26481674,2335,0,True
25364173223231,815639,11,11,12525375,1168,0,True
25367411211122,817291,11,11,17720493,1687,0,True
25413672323111,822762,11,11,26663539,2348,0,True
25413763121222,823558,11,11,18529958,1684,0,True
25436711311313,829041,11,11,15664236,1482,0,True
25436712123122,829162,11,11,14568113,1327,0,True
25436712123332,829169,11,11,16138683,1372,0,True
25436712132122,829180,11,11,15961302,1403,0,True
25436712323231,829328,11,11,14556542,1331,0,True
25436713232321,829510,11,11,15653919,1552,0,True
25436713332122,829585,11,11,14845194,1366,0,True
25463713212332,833831,11,11,16440942,1559,0,True
25471362323132,835886,11,11,15518099,1419,0,True
25471631312213,836337,11,11,23353104,2139,0,True
25631741212121,845002,11,11,28622900,2708,0,True
25634713321232,847049,11,11,18039849,1539,0,True
25641371213132,848657,11,11,17413873,1646,0,True
25714632123131,859781,11,11,18583259,1751,0,True
25714632223331,859868,11,11,16484977,1522,0,True
25714632313211,859917,11,11,46107605,4302,0,True
25714633121333,860012,11,11,18018660,1595,0,True
25716431212223,861043,11,11,17350417,1526,0,True
25716433223213,861564,11,11,16371674,1517,0,True
25731642232211,862797,11,11,28809865,2719,0,True
25734162221111,863487,11,11,16344330,1511,0,True
25734613113323,864376,11,11,22142253,2070,0,True
25736141111123,864595,11,11,19657888,1790,0,True
25736141233232,864752,11,11,18625538,1682,0,True
25736411133113,865395,11,11,17763031,1670,0,True
25736411231321,865465,11,11,16031812,1443,0,True
25736411321312,865518,11,11,13668916,1170,0,True
25736411331113,865539,11,11,16970028,1411,0,True
25736413123112,865854,11,11,14244881,1313,0,True
25741361232113,866196,11,11,19694105,1764,0,True
25741632222323,867148,11,11,16624582,1445,0,True
25741632312323,867202,11,11,14996266,1318,0,True
25743611233232,868397,11,11,15523338,1440,0,True
25763142223133,872255,11,11,18892248,1715,0,True
25763411332322,872845,11,11,14337119,1361,0,True
26135742132221,877297,11,11,17922491,1562,0,True
26135742213323,877336,11,11,16520968,1524,0,True
26135742332312,877461,11,11,17080940,1587,0,True
26153471122121,883585,11,11,16823351,1445,0,True
26153473131131,884090,11,11,15271222,1555,0,True
26153473132121,884098,11,11,14893909,1436,0,True
26154372332213,885477,11,11,33096237,3405,0,True
26175432331133,892028,11,11,18263965,1872,0,True
26317451212211,895305,11,11,26514701,2311,0,True
26345711223113,898983,11,11,12360873,1142,0,True
26371453112111,905913,11,11,14557566,1482,0,True
26415731322323,912184,11,11,14342092,1307,0,True
26415732121223,912253,11,11,14278417,1369,0,True
26415732233321,912382,11,11,17702173,1726,0,True
26435712222122,916714,11,11,26163568,2590,0,True
26435712233321,916756,11,11,19336851,1761,0,True
26435712311132,916760,11,11,18452829,1684,0,True
26435712322322,916801,11,11,24348470,2152,0,True
26435713311122,917002,11,11,18220922,1716,0,True
26435713333133,917075,11,11,22159954,1977,0,True
26437512122312,918096,11,11,16267242,1550,0,True
26453172211133,920324,11,11,17996346,1671,0,True
26453711333333,920969,11,11,16200652,1517,0,True
26513471122121,927325,11,11,17163074,1656,0,True
26517343333313,930930,11,11,20898807,2060,0,True
26534713333313,934575,11,11,22435103,2016,0,True
26543171111111,937494,11,11,16987903,1505,0,True
26543171123111,937539,11,11,13779807,1197,0,True
26547313131323,940228,11,11,22387149,1933,0,True
26573413331312,943305,11,11,18490839,1689,0,True
26714531212133,947063,11,11,17912578,1692,0,True
26714532121133,947243,11,11,19355300,1740,0,True
26715433231322,949057,11,11,16508486,1482,0,True
26741351232113,953676,11,11,14315877,1351,0,True
26743512121232,955994,11,11,22362933,1966,0,True
27134561131133,962336,11,11,16590883,1463,0,True
27154632311132,973622,11,11,14917263,1298,0,True
27314652313211,980931,11,11,18151723,1543,0,True
27365412321212,996978,11,11,21594845,2153,0,True
27415363131113,999270,11,11,20906660,1942,0,True
27415632323231,999914,11,11,17878264,1716,0,True
27415633321322,1000141,11,11,22058740,1996,0,True
27416532133232,1001237,11,11,14876413,1384,0,True
27416533321232,1001597,11,11,18066137,1635,0,True
27435612122222,1004116,11,11,16052093,1447,0,True
27453161123111,1007523,11,11,13257292,1217,0,True
27453161132111,1007541,11,11,15557422,1567,0,True
27456133132223,1009489,11,11,16891035,1543,0,True
27516341111111,1017684,11,11,16339868,1481,0,True
27534161111111,1020600,11,11,16254057,1476,0,True
27534161111123,1020601,11,11,21592718,2100,0,True
27534162311111,1021005,11,11,15046082,1408,0,True
27534612311132,1021736,11,11,17602890,1635,0,True
27536412332312,1023261,11,11,16276988,1454,0,True
27543611111123,1025704,11,11,19105187,1857,0,True
27543611111132,1025705,11,11,13571667,1266,0,True
27546312231122,1027540,11,11,28639233,2657,0,True
27613543333133,1033715,11,11,20950382,1841,0,True
27614353311332,1034378,11,11,18188021,1586,0,True
27615431312333,1036088,11,11,19810915,1724,0,True
27615432113321,1036177,11,11,20958454,1921,0,True
27615433313213,1036578,11,11,14570268,1361,0,True
27634511131133,1038881,11,11,16348378,1566,0,True
27634512233321,1039228,11,11,15304609,1316,0,True
27643513311233,1043852,11,11,23719643,2246,0,True
31246753312211,1052607,11,11,20218656,1821,0,True
31247651113232,1053428,11,11,14554478,1292,0,True
31247651323232,1053617,11,11,17182959,1684,0,True
31256471231222,1055731,11,11,16283642,1489,0,True
31257462222221,1057414,11,11,19404245,1719,0,True
31257462312311,1057470,11,11,16062446,1417,0,True
31257643311122,1058428,11,11,16883049,1451,0,True
31264572122213,1058790,11,11,16627569,1529,0,True
31264573132313,1059063,11,11,15996887,1454,0,True
31264573222223,1059115,11,11,16428430,1650,0,True
31264752132122,1059544,11,11,16531746,1458,0,True
31264752313121,1059661,11,11,17601881,1530,0,True
31265471111111,1059966,11,11,20925922,1851,0,True
31265471122112,1060002,11,11,14699120,1577,0,True
31265471122133,1060004,11,11,16823426,1446,0,True
31265471312213,1060140,11,11,14946643,1323,0,True
31265471313113,1060146,11,11,13878671,1219,0,True
31265471321111,1060155,11,11,13079815,1167,0,True
31265472233321,1060369,11,11,20975217,1803,0,True
31265472312233,1060385,11,11,14947034,1254,0,True
31265741233331,1060856,11,11,20663288,1820,0,True
31267542222233,1062518,11,11,19331193,1774,0,True
31267542313133,1062578,11,11,20964058,1917,0,True
31275461112233,1064354,11,11,21299759,1805,0,True
31275461322233,1064543,11,11,21506744,2041,0,True
31275462133211,1064658,11,11,17953239,1566,0,True
31275462223211,1064712,11,11,18035586,1539,0,True
31275462311213,1064748,11,11,18919081,1701,0,True
31275462312212,1064757,11,11,19104268,1726,0,True
31275463311122,1064989,11,11,20546503,1870,0,True
31276452133322,1066120,11,11,14806758,1322,0,True
31276452313313,1066227,11,11,17414213,1538,0,True
31452671323211,1071840,11,11,12314932,1091,0,True
31452671332232,1071860,11,11,13058080,1191,0,True
31452672322331,1072079,11,11,13120170,1186,0,True
31456722111221,1074064,11,11,16486917,1493,0,True
31462751111111,1076733,11,11,17658929,1638,0,True
31462751113322,1076758,11,11,15173351,1341,0,True
31475261322233,1082039,11,11,15857603,1430,0,True
31475262331313,1082301,11,11,18983618,1629,0,True
31475262333221,1082317,11,11,15781128,1434,0,True
31524673332122,1085464,11,11,22375316,1960,0,True
31527643332122,1089109,11,11,13211021,1181,0,True
31564272212111,1095291,11,11,25298516,2251,0,True
31564272213311,1095306,11,11,14673017,1318,0,True
31564273113311,1095468,11,11,16027502,1435,0,True
31572461122133,1097912,11,11,16342264,1420,0,True
31624751112233,1102991,11,11,13905531,1226,0,True
31624753312211,1103637,11,11,13636332,1190,0,True
31627452221333,1105523,11,11,21031537,1994,0,True
31654272313322,1112884,11,11,23063087,1997,0,True
31754621331122,1130896,11,11,20286283,1835,0,True
31765242322121,1136224,11,11,19809132,1826,0,True
32145671111111,1137240,11,11,27800850,2523,0,True
32145671123333,1137293,11,11,16022224,1534,0,True
32145671132222,1137307,11,11,15022295,1456,0,True
32145671221112,1137348,11,11,16109265,1621,0,True
32145671333333,1137482,11,11,15986228,1396,0,True
32145672113333,1137509,11,11,15063837,1354,0,True
32145672212222,1137577,11,11,15266315,1516,0,True
32145673112222,1137739,11,11,13622882,1221,0,True
32145673311113,1137888,11,11,15562015,1417,0,True
32146751232323,1139578,11,11,15469766,1353,0,True
32146752232223,1139818,11,11,19023262,2017,0,True
32147562313223,1140583,11,11,13639755,1183,0,True
32147562333233,1140638,11,11,24438504,2074,0,True
32147651123333,1140938,11,11,23828196,2194,0,True
32147651132222,1140952,11,11,21724065,1891,0,True
32147651213333,1140992,11,11,24559522,2260,0,True
32147651312222,1141060,11,11,22618394,1973,0,True
32147652113333,1141154,11,11,22018852,1918,0,True
32147652231332,1141271,11,11,21337808,1862,0,True
32147652233213,1141284,11,11,28136693,2414,0,True
32147652331322,1141351,11,11,23148128,2047,0,True
32147652332213,1141356,11,11,27223806,2417,0,True
32147653112222,1141384,11,11,22168552,2020,0,True
32156471111111,1143072,11,11,17795381,1599,0,True
32156471113211,1143093,11,11,14147337,1259,0,True
32156471232332,1143224,11,11,13028568,1180,0,True
32156472312332,1143494,11,11,13755777,1173,0,True
32156472332132,1143542,11,11,13545637,1153,0,True
32156472332321,1143547,11,11,14890499,1322,0,True
32156472333332,1143557,11,11,15404255,1447,0,True
32156473223123,1143685,11,11,12638473,1174,0,True
32156741112323,1143817,11,11,25839034,2310,0,True
32156742311123,1144207,11,11,13918199,1308,0,True
32156742313223,1144228,11,11,16498044,1463,0,True
32156742333131,1144280,11,11,13970041,1271,0,True
32157641232323,1145410,11,11,15556800,1317,0,True
32157642231323,1145644,11,11,15675830,1350,0,True
32164571111111,1145988,11,11,19374093,1642,0,True
32164571111231,1145993,11,11,13482521,1212,0,True
32164571232323,1146139,11,11,13876342,1170,0,True
32164572232223,1146379,11,11,16529339,1542,0,True
32164572232313,1146381,11,11,16495863,1514,0,True
32164572233321,1146391,11,11,16099865,1436,0,True
32164572312323,1146409,11,11,15534854,1480,0,True
32164573323212,1146684,11,11,14695648,1377,0,True
32165741111111,1148175,11,11,23264288,2171,0,True
32165741111132,1148177,11,11,14983972,1410,0,True
32165741233223,1148332,11,11,14398397,1383,0,True
32165742211112,1148499,11,11,18871658,1637,0,True
32165742331112,1148634,11,11,13874827,1249,0,True
32165743311131,1148825,11,11,14696794,1442,0,True
32167451111111,1148904,11,11,19468369,1683,0,True
32167451213333,1149011,11,11,15501035,1415,0,True
32167451222222,1149025,11,11,14891240,1294,0,True
32167451312222,1149079,11,11,14794963,1257,0,True
32167451333111,1149138,11,11,14305603,1319,0,True
32167452211121,1149229,11,11,15303113,1452,0,True
32167453222313,1149513,11,11,13199886,1268,0,True
32167453313333,1149578,11,11,15272898,1347,0,True
32167453321232,1149584,11,11,15055160,1685,0,True
32174561112323,1150378,11,11,18876785,1789,0,True
32174561232113,1150506,11,11,19679072,1881,0,True
32174561232233,1150511,11,11,17390885,1633,0,True
32174562231212,1150743,11,11,15768483,1340,0,True
32174652312332,1151513,11,11,13512039,1344,0,True
32174652332132,1151561,11,11,13785162,1259,0,True
32175461111111,1151820,11,11,19968216,1769,0,True
32175461113112,1151838,11,11,13818856,1348,0,True
32175461221112,1151928,11,11,14289654,1284,0,True
32175461333111,1152054,11,11,14749717,1376,0,True
32175462233111,1152216,11,11,15569946,1363,0,True
32175462312323,1152241,11,11,20699074,1843,0,True
32416753121222,1157440,11,11,24409974,2127,0,True
32417562113321,1157920,11,11,23358219,2051,0,True
32417652132131,1158689,11,11,14412798,1287,0,True
32417653132121,1158931,11,11,12517543,1101,0,True
32451762331121,1160299,11,11,12765169,1132,0,True
32456173212332,1161152,11,11,16374463,1429,0,True
32456711233133,1161452,11,11,30975981,2757,0,True
32465172112121,1165195,11,11,15827426,1436,0,True
32465172132131,1165250,11,11,12965240,1152,0,True
32465172133121,1165258,11,11,13576039,1180,0,True
32465172332321,1165417,11,11,15189033,1299,0,True
32465173123121,1165474,11,11,14237334,1220,0,True
32465173132121,1165492,11,11,14651405,1250,0,True
32465173133111,1165500,11,11,15854393,1438,0,True
32465173233221,1165585,11,11,16962440,1472,0,True
32475161232323,1169467,11,11,17304951,1513,0,True
32475163331222,1170022,11,11,17777338,1599,0,True
32476513232231,1172138,11,11,15053669,1319,0,True
32517463131311,1175694,11,11,24422424,2059,0,True
32546713323212,1179489,11,11,16464175,1442,0,True
32547611121113,1180278,11,11,15292350,1424,0,True
32547611131112,1180305,11,11,14195962,1323,0,True
32547611213111,1180350,11,11,14516340,1343,0,True
32547611312111,1180422,11,11,15201488,1406,0,True
32547612111311,1180500,11,11,14778968,1346,0,True
32547613111211,1180740,11,11,14512720,1401,0,True
32561471113133,1181000,11,11,16690727,1516,0,True
32561471121311,1181013,11,11,14968103,1403,0,True
32561471122211,1181019,11,11,16183446,1559,0,True
32561471131211,1181037,11,11,15106594,1458,0,True
32561471211131,1181063,11,11,19145885,1718,0,True
32561471311121,1181143,11,11,15316117,1452,0,True
32561472133313,1181301,11,11,14524195,1291,0,True
32561472213122,1181323,11,11,14469058,1337,0,True
32561473222223,1181587,11,11,13701234,1322,0,True
32561473323212,1181676,11,11,13890091,1326,0,True
32567412122222,1184908,11,11,15946046,1495,0,True
32567412131312,1184928,11,11,19740401,1755,0,True
32567412222212,1184988,11,11,24260958,2257,0,True
32567413131212,1185168,11,11,15663603,1425,0,True
32567413133333,1185191,11,11,19190851,1720,0,True
32576142313223,1188697,11,11,15651752,1509,0,True
32615473332122,1191898,11,11,16130763,1544,0,True
32647152133121,1197334,11,11,18382080,1700,0,True
32647153132121,1197568,11,11,12610513,1126,0,True
32647512333233,1198229,11,11,25574102,2355,0,True
32657143121213,1201908,11,11,19254711,1909,0,True
32657412111212,1202367,11,11,18924276,1650,0,True
32671453123313,1203387,11,11,19813078,1789,0,True
32674152113333,1204577,11,11,22887584,1966,0,True
32714652332132,1208423,11,11,14589823,1250,0,True
32716452123212,1210431,11,11,21833166,1922,0,True
32741651121311,1212360,11,11,20011612,1777,0,True
32741651131211,1212384,11,11,15818297,1447,0,True
32741651211131,1212410,11,11,14724628,1304,0,True
32741651311121,1212490,11,11,15308845,1446,0,True
32741652111113,1212570,11,11,16135860,1488,0,True
32741653111112,1212813,11,11,16119154,1427,0,True
32745611223332,1213919,11,11,14071191,1240,0,True
32745612313322,1214215,11,11,16389982,1453,0,True
32745612322331,1214234,11,11,13717727,1194,0,True
32751643321232,1217381,11,11,16950199,1548,0,True
32754163211123,1217998,11,11,14591158,1426,0,True
32756141233121,1219042,11,11,17335946,1583,0,True
32761452121313,1220622,11,11,16104494,1512,0,True
32761452122222,1220629,11,11,17115292,1643,0,True
32761452222212,1220709,11,11,16040005,1521,0,True
32761453121312,1220865,11,11,22450284,2018,0,True
32761453133333,1220912,11,11,16399033,1533,0,True
32765411112221,1224004,11,11,15915053,1398,0,True
32765411121113,1224018,11,11,14436446,1375,0,True
32765411131112,1224045,11,11,13769514,1400,0,True
32765411133113,1224063,11,11,15056171,1356,0,True
32765411331113,1224207,11,11,15041508,1285,0,True
32765412221312,1224348,11,11,14308477,1252,0,True
32765412323222,1224445,11,11,14875539,1329,0,True
32765413122212,1224516,11,11,13661442,1273,0,True
32765413223312,1224609,11,11,13564404,1388,0,True
32765413231223,1224616,11,11,16129620,1556,0,True
32765413322312,1224681,11,11,13404265,1218,0,True
34125672131213,1225020,11,11,15408248,1381,0,True
34125672131312,1225023,11,11,17138153,1564,0,True
34125672221222,1225075,11,11,16064409,1468,0,True
34125673133333,1225286,11,11,17611958,1536,0,True
34127651121113,1228392,11,11,14382651,1282,0,True
34127651131112,1228419,11,11,14208181,1261,0,True
34127651213111,1228464,11,11,14602070,1269,0,True
34127651312111,1228536,11,11,15252515,1318,0,True
34127652111311,1228614,11,11,14331796,1269,0,True
34127653111211,1228854,11,11,14447792,1415,0,True
34162752132212,1234506,11,11,29363626,2828,0,True
34165271112212,1234938,11,11,17567953,1680,0,True
34165271121311,1234959,11,11,16248807,1488,0,True
34165271131211,1234983,11,11,15218804,1301,0,True
34165271211131,1235009,11,11,18695835,1690,0,True
34165271311121,1235089,11,11,14280169,1295,0,True
34165271311133,1235090,11,11,15716984,1398,0,True
34165272323333,1235384,11,11,14652256,1266,0,True
34165273133312,1235490,11,11,18370273,1672,0,True
34165273222322,1235536,11,11,13148403,1125,0,True
34165273311131,1235576,11,11,14438433,1558,0,True
34167252213323,1236733,11,11,16765958,1621,0,True
34172562132332,1238156,11,11,16576758,1561,0,True
34172562313331,1238273,11,11,17744792,1656,0,True
34175263321232,1239980,11,11,17034035,1601,0,True
34216572213122,1244017,11,11,22914785,2162,0,True
34261572132131,1251272,11,11,12874561,1220,0,True
34261572133121,1251280,11,11,13515710,1330,0,True
34261573123121,1251496,11,11,13811348,1301,0,True
34265712212132,1253486,11,11,21489968,1914,0,True
34275161312213,1256970,11,11,16102040,1416,0,True
34275162112322,1257055,11,11,15497015,1384,0,True
34275162213221,1257142,11,11,17033700,1474,0,True
34516271111111,1261170,11,11,16670774,1523,0,True
34516272312332,1261592,11,11,18219476,1594,0,True
34516722313223,1262326,11,11,20435637,1939,0,True
34517622231323,1263742,11,11,17082946,1615,0,True
34521672223232,1264460,11,11,15813278,1457,0,True
34526713232312,1266909,11,11,14579336,1341,0,True
34527612211322,1268062,11,11,24015302,2192,0,True
34527612231122,1268110,11,11,23380039,2024,0,True
34527612231332,1268117,11,11,25639585,2230,0,True
34527612331322,1268197,11,11,23367504,2255,0,True
34527613312133,1268390,11,11,23795939,2148,0,True
34561272122123,1268740,11,11,22242987,1992,0,True
34561272122321,1268746,11,11,23220245,2203,0,True
34561272212213,1268796,11,11,28214465,2555,0,True
34561272213122,1268803,11,11,23082703,1981,0,True
34561272232211,1268850,11,11,27269173,2447,0,True
34561273221233,1269059,11,11,22046557,1929,0,True
34561273233131,1269101,11,11,21834915,2068,0,True
34561273311233,1269113,11,11,22883384,2139,0,True
34561273313321,1269133,11,11,26090578,2394,0,True
34561273321133,1269137,11,11,23797232,2118,0,True
34561273321223,1269139,11,11,22369293,2049,0,True
34561721111111,1269189,11,11,18061228,1563,0,True
34562171321111,1270107,11,11,14556979,1240,0,True
34562171321231,1270112,11,11,14215421,1287,0,True
34562172232313,1270311,11,11,18786411,1792,0,True
34567212223232,1272479,11,11,18425891,1746,0,True
34617252111212,1280370,11,11,20202354,1744,0,True
34617252123212,1280415,11,11,20012616,1747,0,True
34617252132212,1280433,11,11,21376618,1976,0,True
34617522221333,1281212,11,11,19036699,1779,0,True
34621572132131,1281890,11,11,15062888,1416,0,True
34625172111212,1283286,11,11,21631053,1973,0,True
34627512232313,1285620,11,11,15226673,1422,0,True
34651271123111,1286001,11,11,14868710,1403,0,True
34651272332132,1286426,11,11,14191404,1311,0,True
34675212222122,1294336,11,11,22102397,2036,0,True
34715262221123,1296514,11,11,21709286,2039,0,True
34716522223211,1298721,11,11,19318301,1775,0,True
34721652121313,1300083,11,11,20719289,1944,0,True
34721652131213,1300107,11,11,18772483,1639,0,True
34721652221222,1300162,11,11,20983511,1897,0,True
34721652222212,1300170,11,11,19722067,1855,0,True
34721653333313,1300533,11,11,18527078,1748,0,True
34725611212211,1301358,11,11,16437626,1589,0,True
34725612111113,1301508,11,11,14156175,1296,0,True
34725612121322,1301542,11,11,16371256,1431,0,True
34725612231212,1301646,11,11,16410495,1492,0,True
34725612231332,1301651,11,11,14385041,1294,0,True
34725612322232,1301711,11,11,15371291,1386,0,True
34725612331322,1301731,11,11,15181269,1342,0,True
34725613111112,1301751,11,11,15558770,1373,0,True
34725613111133,1301753,11,11,15101725,1476,0,True
34725613132223,1301818,11,11,15188001,1510,0,True
34725613311113,1301913,11,11,15144680,1384,0,True
34761252323222,1308280,11,11,14329870,1264,0,True
35126741232212,1314534,11,11,18157265,1745,0,True
35126742231233,1314770,11,11,18095365,1607,0,True
35127462331331,1315583,11,11,19059206,1790,0,True
35162472122231,1321232,11,11,14452187,1245,0,True
35162472123233,1321241,11,11,18484642,1610,0,True
35162473122221,1321474,11,11,14214884,1341,0,True
35162473323131,1321643,11,11,14468274,1490,0,True
35162473332122,1321660,11,11,16072591,1622,0,True
35162473332131,1321661,11,11,14328803,1262,0,True
35162742213323,1322026,11,11,18637108,1845,0,True
35167242132212,1324173,11,11,18211064,1677,0,True
35172461232323,1325473,11,11,17288748,1666,0,True
35174262213131,1327124,11,11,21690203,2025,0,True
35174262231113,1327158,11,11,19095003,1749,0,True
35246171111111,1335528,11,11,16141974,1538,0,True
35246171113322,1335553,11,11,14022101,1220,0,True
35246172213311,1335876,11,11,15623165,1352,0,True
35267141223233,1341491,11,11,13222986,1146,0,True
35267141321132,1341551,11,11,27623009,2386,0,True
35271461322233,1343021,11,11,14329124,1212,0,True
35416721113112,1349397,11,11,14308556,1225,0,True
35416723232213,1350012,11,11,19337811,1678,0,True
35417622223133,1351208,11,11,20946180,1962,0,True
35426712131132,1354052,11,11,16031230,1461,0,True
35426712311312,1354164,11,11,14191056,1228,0,True
35426713111313,1354245,11,11,17007550,1461,0,True
35426713131113,1354293,11,11,15408989,1390,0,True
35426713312211,1354413,11,11,16247564,1409,0,True
35461271111231,1355945,11,11,16659975,1582,0,True
35461271321231,1356134,11,11,14195498,1261,0,True
35461272222323,1356307,11,11,14740560,1328,0,True
35462171131313,1357458,11,11,15775899,1470,0,True
35462171212121,1357489,11,11,16520469,1420,0,True
35462171221223,1357510,11,11,13585643,1199,0,True
35462171332331,1357631,11,11,15225478,1352,0,True
35462172213311,1357746,11,11,16259884,1424,0,True
35462172223331,1357775,11,11,14837299,1330,0,True
35462172312131,1357814,11,11,14384053,1243,0,True
35462173123211,1357932,11,11,15103113,1276,0,True
35462173131311,1357944,11,11,16864190,1590,0,True
35462173221221,1357996,11,11,16227121,1438,0,True
35462712322322,1358575,11,11,18107013,1650,0,True
35472163222313,1362381,11,11,14785227,1325,0,True
35472163231322,1362400,11,11,16383203,1450,0,True
35476122221111,1363581,11,11,16790596,1458,0,True
35614722321233,1367312,11,11,17515023,1537,0,True
35617423131332,1368881,11,11,15955315,1424,0,True
35624712121232,1371524,11,11,22660906,1983,0,True
35624712321212,1371684,11,11,26380686,2351,0,True
35624712321332,1371689,11,11,22175095,1968,0,True
35624712331232,1371713,11,11,22356116,1936,0,True
35714623111322,1384864,11,11,19313754,1878,0,True
35721642221213,1387641,11,11,29699995,2777,0,True
35762142222113,1397124,11,11,17861964,1670,0,True
36125471111333,1401146,11,11,15348771,1417,0,True
36125471212112,1401228,11,11,21718146,1989,0,True
36125471213111,1401237,11,11,14032332,1218,0,True
36125471222111,1401255,11,11,22105206,1994,0,True
36125471312111,1401309,11,11,14754338,1532,0,True
36125472111311,1401387,11,11,13973980,1355,0,True
36125472121223,1401412,11,11,13398869,1230,0,True
36125473111211,1401627,11,11,15026629,1407,0,True
36125473232222,1401772,11,11,16433006,1473,0,True
36125473323233,1401836,11,11,15893492,1483,0,True
36125743222331,1402478,11,11,25526931,2393,0,True
36127451333222,1402834,11,11,13780435,1417,0,True
36145272122222,1405795,11,11,18702376,1811,0,True
36145272131213,1405812,11,11,24322258,2123,0,True
36145272131312,1405815,11,11,16627288,1451,0,True
36145273333313,1406238,11,11,19147952,1651,0,True
36147251121311,1407003,11,11,15800541,1419,0,True
36147251131211,1407027,11,11,16554899,1513,0,True
36147251211131,1407053,11,11,17221959,1494,0,True
36147251311121,1407133,11,11,14415596,1260,0,True
36147252111113,1407213,11,11,18419290,1698,0,True
36147253111112,1407456,11,11,15462016,1449,0,True
36152741231312,1409298,11,11,20421882,1874,0,True
36152742131321,1409461,11,11,18018792,1567,0,True
36172452133133,1413119,11,11,21598883,1927,0,True
36217452131333,1420397,11,11,20952317,1853,0,True
36217541223311,1420953,11,11,12338752,1108,0,True
36217543213112,1421406,11,11,13000176,1160,0,True
36241573212332,1422134,11,11,13593085,1241,0,True
36241753212311,1422861,11,11,15778858,1412,0,True
36415272123212,1436421,11,11,19441526,1702,0,True
36417522123311,1438611,11,11,17464802,1611,0,True
36514272212111,1453959,11,11,24234310,2212,0,True
36521472113321,1456810,11,11,17059862,1577,0,True
36521472331121,1457002,11,11,14364483,1402,0,True
36527411131133,1460243,11,11,14488777,1286,0,True
36527412111113,1460430,11,11,14275069,1255,0,True
36527412131222,1460488,11,11,16762482,1534,0,True
36527412211322,1460518,11,11,16915138,1514,0,True
36527412221312,1460544,11,11,14691959,1322,0,True
36527412231122,1460566,11,11,14848874,1317,0,True
36527412322232,1460633,11,11,15087085,1385,0,True
36527413111112,1460673,11,11,15062521,1332,0,True
36527413311311,1460841,11,11,14112012,1240,0,True
36541272323222,1461370,11,11,14175430,1271,0,True
36542712121322,1463380,11,11,21947927,1962,0,True
36547212121313,1464837,11,11,18515222,1636,0,True
36547212122222,1464844,11,11,19620729,1809,0,True
36547212131312,1464864,11,11,19714285,1727,0,True
36547212221222,1464916,11,11,18703119,1613,0,True
36547213331333,1465271,11,11,16854168,1519,0,True
36712542121112,1470663,11,11,22835967,2006,0,True
36712542121121,1470664,11,11,21389412,1906,0,True
36712542121211,1470666,11,11,25174086,2232,0,True
36712542122111,1470672,11,11,22551385,1986,0,True
36714252232223,1471513,11,11,14730560,1329,0,True
36714521232113,1471995,11,11,20334302,1797,0,True
36714522121322,1472128,11,11,20213835,1805,0,True
36714522122213,1472133,11,11,16382037,1501,0,True
36714523132223,1472404,11,11,16660218,1475,0,True
36714523132322,1472407,11,11,16341872,1453,0,True
36721451131331,1474100,11,11,14371687,1267,0,True
36721452121322,1474315,11,11,16446775,1508,0,True
36721452122123,1474318,11,11,13704803,1186,0,True
36721452122213,1474320,11,11,16436885,1477,0,True
36721452122321,1474324,11,11,15355442,1373,0,True
36721452131111,1474335,11,11,15194007,1453,0,True
36721452223232,1474412,11,11,14704329,1324,0,True
36721453113113,1474542,11,11,15976249,1403,0,True
36721453121111,1474551,11,11,19414097,1732,0,True
36725411121212,1477713,11,11,24254887,2155,0,True
36725411131313,1477743,11,11,24330878,2210,0,True
36725411212121,1477774,11,11,24397982,2138,0,True
36725411313131,1477865,11,11,24503482,2189,0,True
36725412111212,1477929,11,11,26275272,2286,0,True
36725412121112,1477953,11,11,24277880,2212,0,True
36725412121211,1477956,11,11,24999272,2193,0,True
36725412121232,1477958,11,11,24401528,2175,0,True
36725412123212,1477974,11,11,25846610,2277,0,True
36725412321212,1478118,11,11,25423261,2263,0,True
36725413111313,1478175,11,11,28002292,2444,0,True
36725413131113,1478223,11,11,25167155,2265,0,True
36725413131311,1478229,11,11,29406639,2580,0,True
36741252122123,1478692,11,11,24578154,2194,0,True
36741252122321,1478698,11,11,22951493,2040,0,True
36741252122333,1478699,11,11,22166856,2039,0,True
36741252123323,1478707,11,11,23730336,2250,0,True
36741253233131,1479053,11,11,23396285,2110,0,True
36745211211221,1482142,11,11,13386777,1182,0,True
36745212121223,1482331,11,11,13967034,1281,0,True
36745212122312,1482342,11,11,17453868,1502,0,True
36745212122333,1482344,11,11,14833499,1300,0,True
36745212123323,1482352,11,11,16669510,1470,0,True
36745212131111,1482354,11,11,14016195,1257,0,True
36745212223232,1482431,11,11,14723229,1342,0,True
36745213121111,1482570,11,11,18079899,1590,0,True
36745213131131,1482599,11,11,13750127,1207,0,True
36745213133111,1482615,11,11,15086294,1417,0,True
36745213232213,1482690,11,11,14393616,1402,0,True
36751243222322,1483396,11,11,15075339,1365,0,True
36752142122132,1484525,11,11,16083383,1412,0,True
36752142123221,1484536,11,11,15063369,1365,0,True
36752143132232,1484798,11,11,13394553,1212,0,True
36752143133222,1484806,11,11,16310790,1502,0,True
36752143211132,1484813,11,11,15221475,1326,0,True
36754123232222,1486336,11,11,26153471,2274,0,True
37246511112233,1512689,11,11,18452305,1634,0,True
37256142321233,1516757,11,11,17349958,1541,0,True
37415622333221,1524820,11,11,19530225,1701,0,True
37426513132313,1530726,11,11,22405346,1935,0,True
37452162323312,1532814,11,11,16121074,1402,0,True
37516422333311,1543776,11,11,15306322,1487,0,True
37561241311112,1552932,11,11,14870885,1317,0,True
37612453122233,1557671,11,11,15077169,1483,0,True
37612542221111,1558224,11,11,17700021,1573,0,True
37614252221123,1558954,11,11,19252619,1740,0,True
37614521111111,1559331,11,11,20278971,1829,0,True
37614521323232,1559543,11,11,13209636,1178,0,True
37614522111221,1559578,11,11,14973715,1372,0,True
37614522113321,1559599,11,11,17019508,1544,0,True
37614522313322,1559761,11,11,17738079,1766,0,True
37614522323312,1559787,11,11,14867119,1353,0,True
37614523232213,1559964,11,11,16751588,1509,0,True
37615421113322,1560814,11,11,18694695,1693,0,True
37615422211133,1561115,11,11,18582246,1666,0,True
37615422223133,1561160,11,11,18830218,1695,0,True
37615422313121,1561213,11,11,17514312,1518,0,True
37615422313331,1561220,11,11,18805827,1652,0,True
37615423121132,1561304,11,11,19872779,1786,0,True
37624152311213,1563384,11,11,19268203,1693,0,True
37624511232233,1563854,11,11,17428623,1551,0,True
37624512121322,1563982,11,11,20123310,1867,0,True
37624512231212,1564086,11,11,15553920,1421,0,True
37624513131323,1564252,11,11,16574930,1507,0,True
37624513231313,1564332,11,11,16162296,1560,0,True
37641252222323,1566259,11,11,17130754,1561,0,True
37642152213311,1567698,11,11,20127084,1848,0,True
37642513122221,1568605,11,11,17303707,1629,0,True
37645122312221,1569226,11,11,14614132,1354,0,True
37651242211133,1570592,11,11,20851606,2011,0,True
37651422312311,1571415,11,11,19618147,1930,0,True
37652141113232,1571747,11,11,14143781,1374,0,True
37652143231322,1572352,11,11,15973465,1622,0,True
37654212311222,1574320,11,11,18413017,1717,0,True
41236753232321,1577464,11,11,15595221,1398,0,True
41237561313131,1577738,11,11,21932594,1991,0,True
41263751312222,1584292,11,11,23702385,2322,0,True
41325671212211,1592229,11,11,15930417,1592,0,True
41325762313223,1593292,11,11,14800216,1324,0,True
41325763131233,1593410,11,11,14159449,1365,0,True
41352671212112,1596600,11,11,22072072,2035,0,True
41352671212121,1596601,11,11,22760213,2026,0,True
41352671222111,1596627,11,11,22892571,2021,0,True
41357622313112,1600578,11,11,12702795,1109,0,True
41367253111133,1604288,11,11,20866790,1788,0,True
41532672313211,1614432,11,11,28071304,2448,0,True
41532761233133,1614890,11,11,18639374,1610,0,True
41563273113311,1620348,11,11,16715935,1516,0,True
41576322212222,1626736,11,11,20578675,1885,0,True
41625372313211,1629012,11,11,44456751,4115,0,True
41625373121213,1629102,11,11,15631486,1427,0,True
41625731222231,1629437,11,11,18164709,1625,0,True
41635721212121,1633780,11,11,26653448,2443,0,True
41657321222312,1639644,11,11,16711085,1520,0,True
41673252212222,1642045,11,11,21720743,1926,0,True
41673521111111,1642437,11,11,17722863,1602,0,True
41723562313211,1645050,11,11,16924140,1529,0,True
41725361232113,1646226,11,11,19117713,1739,0,True
41725361321213,1646274,11,11,23056753,2082,0,True
41725362221213,1646436,11,11,19734505,1706,0,True
41725362313211,1646508,11,11,21363129,1924,0,True
41725362313223,1646509,11,11,21431014,2188,0,True
41725363121222,1646599,11,11,18387064,1650,0,True
41725363121231,1646600,11,11,17600493,1720,0,True
41725631111111,1646811,11,11,21132083,1890,0,True
41725631211122,1646893,11,11,16417085,1482,0,True
41725632322331,1647260,11,11,14355248,1265,0,True
41725633111133,1647299,11,11,15530511,1408,0,True
41725633121123,1647325,11,11,14970109,1352,0,True
41725633211111,1647378,11,11,17130766,1655,0,True
41726352313322,1647970,11,11,16297032,1423,0,True
41726532312233,1648688,11,11,20221472,1707,0,True
41735261323313,1650669,11,11,20261431,1731,0,True
41735262312233,1650875,11,11,19020778,1676,0,True
41735263123223,1650991,11,11,15297170,1358,0,True
41735621233232,1651343,11,11,15862560,1458,0,True
41735622313322,1651615,11,11,18568429,1692,0,True
41736521233232,1652801,11,11,19042179,1741,0,True
41736522332231,1653116,11,11,14774262,1253,0,True
41752631222123,1654219,11,11,13975872,1200,0,True
41752632311123,1654507,11,11,15310016,1309,0,True
41752632312323,1654522,11,11,14071674,1202,0,True
41752632313211,1654527,11,11,52811760,5120,0,False
41756231321213,1656480,11,11,22083226,2007,0,True
41756233121231,1656806,11,11,17230093,1552,0,True
41762532221333,1658834,11,11,19235528,1725,0,True
41762533123331,1659014,11,11,17671215,1626,0,True
41765231233232,1660820,11,11,15692112,1425,0,True
41765322221312,1661748,11,11,14284297,1263,0,True
41765322313211,1661817,11,11,30823917,2790,0,True
41765323122212,1661916,11,11,15060854,1361,0,True
42136752131312,1664610,11,11,20479850,1889,0,True
42137561123333,1665089,11,11,19356562,1655,0,True
42137653122131,1666289,11,11,14636886,1251,0,True
42137653132121,1666315,11,11,12341726,1030,0,True
42157633231322,1670767,11,11,19473748,1670,0,True
42163751121212,1671627,11,11,22528778,2031,0,True
42165373223123,1672939,11,11,12242731,1158,0,True
42167532131333,1674818,11,11,21025051,1824,0,True
42315673112111,1680111,11,11,13140201,1126,0,True
42351671212211,1684083,11,11,19019276,1609,0,True
42351763231133,1685342,11,11,27850734,2402,0,True
42367153111121,1691767,11,11,13473926,1156,0,True
42367153211123,1691848,11,11,14791065,1275,0,True
42516372233111,1698966,11,11,18434276,1612,0,True
42561733323122,1707283,11,11,13029408,1238,0,True
42573612323231,1712876,11,11,16192675,1573,0,True
42573613322231,1713110,11,11,15009330,1329,0,True
42613572313211,1715034,11,11,16900584,1472,0,True
42615371313332,1716254,11,11,27106799,2427,0,True
42615372213311,1716414,11,11,21609499,2110,0,True
42615372221213,1716420,11,11,19727619,1686,0,True
42615372313211,1716492,11,11,22038036,1935,0,True
42651372213311,1723704,11,11,14316295,1304,0,True
42651733311122,1724734,11,11,18014758,1594,0,True
42673512232133,1730306,11,11,19778754,1735,0,True
42751632321233,1742018,11,11,19200276,1691,0,True
42751632323231,1742036,11,11,15340669,1307,0,True
43126572133313,1751379,11,11,20688477,1772,0,True
43167251232212,1761411,11,11,17462083,1602,0,True
43176252123131,1765928,11,11,14562924,1316,0,True
43176252311132,1766045,11,11,15490688,1386,0,True
43216573132121,1769104,11,11,12905992,1195,0,True
43216573132223,1769107,11,11,14464960,1311,0,True
43216573212311,1769136,11,11,14187181,1278,0,True
43216573212332,1769138,11,11,20397565,1865,0,True
43512671313332,1784780,11,11,16337291,1487,0,True
43527612312323,1793032,11,11,13771344,1256,0,True
43561271111111,1793340,11,11,15542265,1428,0,True
43571262122222,1797997,11,11,19840095,1825,0,True
43572161111111,1799172,11,11,18574323,1673,0,True
43572612312323,1800322,11,11,16286935,1466,0,True
43576211123222,1801408,11,11,17304820,1615,0,True
43576212112232,1801616,11,11,21730921,1882,0,True
43615271333312,1803786,11,11,14724128,1280,0,True
43615272113321,1803814,11,11,16350520,1415,0,True
43617521223221,1805863,11,11,21449095,1833,0,True
43621752213323,1807540,11,11,21532048,1968,0,True
43651722323132,1812017,11,11,15668035,1471,0,True
43675122222122,1818487,11,11,24510019,2126,0,True
43675211221331,1818971,11,11,16452404,1453,0,True
43721653231313,1825314,11,11,18895073,1639,0,True
43751623123313,1829598,11,11,19100826,1693,0,True
43765212222122,1836712,11,11,23962724,2200,0,True
45167323322231,1850162,11,11,15744312,1350,0,True
45176231131313,1853178,11,11,33931053,3114,0,True
45176231133113,1853190,11,11,33839435,3030,0,True
45176231331113,1853334,11,11,32859310,3014,0,True
45176233131113,1853658,11,11,34841260,3451,0,True
45176321131133,1853903,11,11,28807105,3048,0,True
45213672221123,1854928,11,11,18323272,2164,0,True
45273162222122,1869517,11,11,21250344,2170,0,True
45276131131133,1870670,11,11,25158127,2506,0,True
45312671222312,1872195,11,11,13799782,1419,0,True
45312672223331,1872449,11,11,15392030,1409,0,True
45312672233321,1872475,11,11,14400335,1300,0,True
45312672313211,1872498,11,11,45270292,4423,0,True
45312673132313,1872627,11,11,24729762,2392,0,True
45312673222112,1872675,11,11,13724868,1249,0,True
45312673231313,1872699,11,11,24404883,2193,0,True
45312761113211,1872822,11,11,15828150,1444,0,True
45312761133311,1872879,11,11,15111722,1519,0,True
45312762221111,1873152,11,11,18526530,1762,0,True
45312762311111,1873206,11,11,15176944,1374,0,True
45321671212211,1876539,11,11,16570075,2324,0,True
45321671221121,1876555,11,11,16560958,1666,0,True
45321673113311,1876956,11,11,27477486,2513,0,True
45327612222323,1880458,11,11,17690983,1578,0,True
45362712122222,1883290,11,11,21008138,1897,0,True
45367122223133,1884107,11,11,17979766,1791,0,True
45367211111132,1884467,11,11,15972147,1464,0,True
45367211211122,1884547,11,11,16906358,2018,0,True
45367213111133,1884953,11,11,17162469,2442,0,True
45376121131133,1888166,11,11,26599777,2449,0,True
45376121331311,1888332,11,11,19461447,1839,0,True
45376211333123,1889074,11,11,15753145,1471,0,True
45376213131323,1889386,11,11,24991114,2462,0,True
45376213333322,1889566,11,11,14592908,1405,0,True
45612371133221,1889644,11,11,16575916,1537,0,True
45612372331121,1890028,11,11,13992901,1211,0,True
45612373112231,1890068,11,11,14356368,1273,0,True
45612373132121,1890118,11,11,13703958,1494,0,True
45612373132223,1890121,11,11,15106126,1436,0,True
45612373322111,1890252,11,11,13255426,1311,0,True
45612373332122,1890280,11,11,14131291,1467,0,True
45612373332221,1890283,11,11,14247001,1859,0,True
45613271331221,1891246,11,11,16157134,1391,0,True
45613272233111,1891422,11,11,20347697,1812,0,True
45621373123331,1894481,11,11,17790223,1613,0,True
45621373211111,1894509,11,11,22209472,2013,0,True
45621732212123,1895005,11,11,18527532,1618,0,True
45621732233333,1895075,11,11,17756525,1587,0,True
45623712332123,1896598,11,11,13025023,1158,0,True
45623713322321,1896820,11,11,12479812,1140,0,True
45637123132121,1901782,11,11,14348147,1291,0,True
45637123332122,1901944,11,11,12573885,1169,0,True
45671231132231,1902758,11,11,12770782,1884,0,True
45671233112132,1903187,11,11,13729862,1594,0,True
45673212212132,1906670,11,11,16512605,1706,0,True
45673213211222,1906906,11,11,16870530,2251,0,True
45713623223132,1909865,11,11,13592698,1695,0,True
45721363321313,1912119,11,11,15797841,2036,0,True
45721363322231,1912127,11,11,15247443,1372,0,True
45732612233321,1918402,11,11,13736242,1202,0,True
45736121122211,1918767,11,11,22326516,2881,0,True
46123571111111,1924560,11,11,16707514,1867,0,True
46123573232123,1925191,11,11,20455068,1758,0,True
46125731333123,1926982,11,11,16433191,1395,0,True
46127351131313,1927536,11,11,20631442,1830,0,True
46127352131333,1927781,11,11,23205063,2043,0,True
46127353131323,1928023,11,11,24941007,2325,0,True
46135272133313,1930713,11,11,19475521,1761,0,True
46153273131131,1935308,11,11,23572661,2128,0,True
46157233333232,1936949,11,11,14377571,1305,0,True
46157321331233,1937174,11,11,17177476,1629,0,True
46215372121223,1943788,11,11,15213140,1355,0,True
46215372313211,1943940,11,11,26374866,2373,0,True
46257132211133,1954046,11,11,18723915,1761,0,True
46257313312211,1955109,11,11,29289577,2673,0,True
46273512122312,1957650,11,11,15248250,1352,0,True
46273513221212,1957962,11,11,14504551,1311,0,True
46275311123222,1958872,11,11,17792933,1644,0,True
46275312112232,1959080,11,11,22353303,2080,0,True
46275312132212,1959132,11,11,19713973,1743,0,True
46275312232133,1959212,11,11,17364174,1587,0,True
46275312313211,1959249,11,11,21217019,1911,0,True
46275313121222,1959340,11,11,18281638,1679,0,True
46275313312211,1959483,11,11,21124551,1944,0,True
46321752111131,1964900,11,11,16119650,1405,0,True
46352171211233,1969844,11,11,13159403,1166,0,True
46352172113231,1970024,11,11,12195630,1086,0,True
46372511221331,1974977,11,11,17816818,1597,0,True
46375211211332,1976408,11,11,13224156,1284,0,True
46375212113111,1976580,11,11,14519585,1294,0,True
46375212132131,1976627,11,11,13191562,1223,0,True
46375212132221,1976629,11,11,14553707,1248,0,True
46375212332222,1976791,11,11,14221191,1266,0,True
46375213112111,1976814,11,11,18016398,1583,0,True
46375213123121,1976851,11,11,16439947,1489,0,True
46375213333121,1977040,11,11,13381670,1199,0,True
46512371331221,1977268,11,11,17327369,1640,0,True
46512372113321,1977316,11,11,18863051,1732,0,True
46513272332111,1978974,11,11,13940918,1331,0,True
46513273113221,1979014,11,11,13884506,1260,0,True
46523711331332,1983833,11,11,16581549,1489,0,True
46527133111121,1984825,11,11,13487786,1155,0,True
46572311223122,1992484,11,11,17700813,1511,0,True
46572312132122,1992664,11,11,14439322,1360,0,True
46721533123313,2000184,11,11,18415484,1579,0,True
47123562232133,2012429,11,11,20133427,1736,0,True
47123651233232,2012927,11,11,14909166,1322,0,True
47126351233232,2015114,11,11,20309187,1795,0,True
47126532133133,2016002,11,11,17026011,1501,0,True
47132562311111,2016819,11,11,16293504,1476,0,True
47132563222331,2017025,11,11,21768725,1910,0,True
47132652233321,2017546,11,11,16240185,1432,0,True
47135622132332,2018915,11,11,15230815,1491,0,True
47136252133112,2019645,11,11,21502312,1899,0,True
47152361233232,2020946,11,11,13444516,1205,0,True
47152631322131,2021717,11,11,17282613,1748,0,True
47156231332313,2023935,11,11,17341847,1648,0,True
47156233211132,2024273,11,11,16581495,1571,0,True
47156233223312,2024322,11,11,14314673,1286,0,True
47156233233113,2024343,11,11,16899923,1495,0,True
47156233322312,2024394,11,11,13743004,1215,0,True
47156321111111,2024433,11,11,17472540,1538,0,True
47156321133311,2024511,11,11,17671799,1596,0,True
47156322132311,2024745,11,11,14988161,1294,0,True
47156322313232,2024861,11,11,13844399,1234,0,True
47156322332132,2024903,11,11,12923548,1433,0,True
47156322332312,2024907,11,11,13508539,1141,0,True
47156323223123,2025046,11,11,14894810,1313,0,True
47162351322122,2025361,11,11,15145401,1329,0,True
47163522131222,2027650,11,11,14495536,1277,0,True
47165321232113,2028951,11,11,19650919,1732,0,True
47165321322131,2029007,11,11,28599865,2521,0,True
47165322132212,2029116,11,11,19697695,1749,0,True
47165322133112,2029122,11,11,22477135,1955,0,True
47165322232133,2029196,11,11,16930265,1532,0,True
47165322313211,2029233,11,11,22135435,1955,0,True
47216352131333,2032757,11,11,23632851,2098,0,True
47251363131113,2038824,11,11,22924733,2001,0,True
47251632131312,2039316,11,11,19575965,1722,0,True
47256133212311,2041782,11,11,14953003,1339,0,True
47256133321232,2041880,11,11,14762162,1346,0,True
47265312122222,2046586,11,11,15881485,1401,0,True
47265312131312,2046606,11,11,16552509,1499,0,True
47265312313211,2046729,11,11,44399051,4095,0,True
47321651311133,2052299,11,11,16597701,1484,0,True
47352612123131,2058257,11,11,14253729,1262,0,True
47352612311132,2058374,11,11,14681258,1245,0,True
47352612313211,2058393,11,11,27745032,2401,0,True
47512632312323,2065678,11,11,14097145,1250,0,True
47621532232331,2087522,11,11,12929059,1137,0,True
47621533231121,2087749,11,11,13498262,1195,0,True
47632152233321,2092633,11,11,13724047,1174,0,True
47632153212311,2092812,11,11,16871358,1458,0,True
47632153232321,2092867,11,11,15525358,1421,0,True
47632513212332,2093543,11,11,21739718,1911,0,True
47652132231323,2096989,11,11,16847297,1506,0,True
47653213211231,2099363,11,11,21065085,1936,0,True
47653213232111,2099421,11,11,12328328,1071,0,True
51264731113322,2110480,11,11,14273129,1375,0,True
51264732213311,2110803,11,11,13457974,1246,0,True
51267342312233,2111603,11,11,23759611,2093,0,True
51324671211122,2117098,11,11,15487363,1514,0,True
51324672212111,2117349,11,11,20011909,1775,0,True
51324673113311,2117526,11,11,23583416,2093,0,True
51324761111123,2117746,11,11,17431861,1532,0,True
51324763113332,2118257,11,11,16790919,1717,0,True
51342672212111,2121723,11,11,19095663,1832,0,True
51342763312223,2122780,11,11,33853667,3169,0,True
51367241211113,2128761,11,11,13695690,1224,0,True
51423671221331,2134628,11,11,14495069,1328,0,True
51426731111111,2136699,11,11,17031690,1534,0,True
51426733312211,2137359,11,11,15459529,1415,0,True
51472361131313,2147694,11,11,20576218,1966,0,True
51472633331312,2149071,11,11,19528202,1727,0,True
51623471321111,2152197,11,11,12398381,1105,0,True
51623743313321,2153410,11,11,18229536,1741,0,True
51624731312123,2154367,11,11,17670002,1728,0,True
51624733323113,2154888,11,11,19266622,2003,0,True
51632741323232,2157323,11,11,13766250,1431,0,True
51642371122313,2160798,11,11,18526642,1613,0,True
51642731113322,2161510,11,11,20211485,1806,0,True
51647231113232,2163695,11,11,13246975,1163,0,True
51723643131311,2170779,11,11,19433846,1748,0,True
51724362122222,2171245,11,11,16826297,1493,0,True
51724363121213,2171478,11,11,16522574,1493,0,True
51726433123313,2173686,11,11,19608938,1746,0,True
51732643121213,2175123,11,11,20494864,1769,0,True
51742632323231,2179436,11,11,16199690,1543,0,True
51742632323333,2179439,11,11,17586705,1541,0,True
52134761232113,2187873,11,11,15546588,1375,0,True
52147631121311,2195052,11,11,15738125,1409,0,True
52147631131211,2195076,11,11,16433226,1435,0,True
52147631211131,2195102,11,11,14138844,1221,0,True
52147631311121,2195182,11,11,14436947,1282,0,True
52147632111113,2195262,11,11,15621986,1422,0,True
52147633111112,2195505,11,11,20138735,1849,0,True
52163471112122,2195758,11,11,16345766,1463,0,True
52163471213111,2195847,11,11,14041002,1289,0,True
52163471312111,2195919,11,11,13851751,1221,0,True
52163471333123,2195983,11,11,12812845,1122,0,True
52163472111311,2195997,11,11,13988352,1262,0,True
52163472131222,2196049,11,11,13746566,1222,0,True
52163473111211,2196237,11,11,14827350,1308,0,True
52163473111331,2196242,11,11,14652107,1274,0,True
52163473221323,2196349,11,11,13737638,1225,0,True
52163473323332,2196449,11,11,23577607,2070,0,True
52167342121232,2198939,11,11,19419096,1705,0,True
52167432121313,2199669,11,11,17462829,1586,0,True
52167432122222,2199676,11,11,21330168,1891,0,True
52167432131213,2199693,11,11,18574543,1745,0,True
52167433133333,2199959,11,11,20619435,1877,0,True
52167433331333,2200103,11,11,17693135,1558,0,True
52174633223123,2202922,11,11,18363033,1661,0,True
52314673311311,2205150,11,11,29083749,2542,0,True
52314761322122,2205424,11,11,16539757,1454,0,True
52341671111111,2208870,11,11,46295918,4293,0,True
52341671122211,2208909,11,11,16917302,1520,0,True
52341671311313,2209038,11,11,13738240,1170,0,True
52341672211112,2209194,11,11,17080609,1491,0,True
52341672232313,2209263,11,11,15870213,1381,0,True
52341672323222,2209324,11,11,17289363,1632,0,True
52341672323312,2209326,11,11,22729051,2024,0,True
52341673133111,2209428,11,11,14576799,1265,0,True
52341673232213,2209503,11,11,15552877,1442,0,True
52341673232333,2209508,11,11,13869825,1214,0,True
52341673323212,2209566,11,11,22327081,1970,0,True
52361472121313,2213520,11,11,21156617,1888,0,True
52361472131312,2213547,11,11,17488666,1501,0,True
52367142211121,2216485,11,11,17872223,1619,0,True
52367412322232,2217335,11,11,14997986,1329,0,True
52374161112323,2219092,11,11,15496691,1360,0,True
52376413222223,2221870,11,11,16769941,1488,0,True
52463173212332,2232782,11,11,20075128,1828,0,True
52463713212332,2233511,11,11,20155378,1809,0,True
52471631223113,2235969,11,11,15099541,1313,0,True
52471631323112,2236050,11,11,15482227,1432,0,True
52614372313211,2241372,11,11,25067272,2171,0,True
52641733212311,2249547,11,11,14668328,1340,0,True
52641733232321,2249602,11,11,14933209,1357,0,True
52673413232123,2255428,11,11,13935982,1223,0,True
52713461232323,2257135,11,11,13753478,1293,0,True
52714361232113,2258586,11,11,22721735,2043,0,True
52714633213223,2259760,11,11,14918287,1293,0,True
52714633223123,2259784,11,11,14938827,1317,0,True
52731641233112,2262240,11,11,13140026,1159,0,True
52731641323112,2262294,11,11,12665828,1185,0,True
52736141322233,2264477,11,11,14921081,1332,0,True
52741362313211,2266158,11,11,17221592,1653,0,True
52741362313223,2266159,11,11,19609803,1881,0,True
52741632122333,2266748,11,11,22072227,1900,0,True
52741632123323,2266756,11,11,27261626,2418,0,True
52741632212213,2266797,11,11,23091299,2022,0,True
52741632212231,2266799,11,11,24011928,2250,0,True
52741632232211,2266851,11,11,22375516,2051,0,True
52741633221233,2267060,11,11,22028805,1990,0,True
52741633313312,2267133,11,11,21730174,2052,0,True
52741633313321,2267134,11,11,23419949,2043,0,True
52741633321223,2267140,11,11,25907463,2286,0,True
52741633323311,2267160,11,11,22643364,2012,0,True
52743611111213,2267922,11,11,15011311,1362,0,True
52743611111312,2267925,11,11,18543868,1649,0,True
52743611112131,2267930,11,11,15000425,1365,0,True
52743611113121,2267938,11,11,18862555,1671,0,True
52743612131111,2268216,11,11,14299841,1260,0,True
52743613121111,2268432,11,11,17318104,1559,0,True
52761431111213,2270838,11,11,14898468,1292,0,True
52761431111312,2270841,11,11,15000311,1322,0,True
52761431112131,2270846,11,11,15607812,1406,0,True
52761431113121,2270854,11,11,15819041,1385,0,True
52761432131111,2271132,11,11,15195320,1356,0,True
52761433121111,2271348,11,11,14594134,1268,0,True
52763143222331,2272175,11,11,23061641,2078,0,True
52763411222312,2272416,11,11,30571782,2703,0,True
52763411333123,2272528,11,11,20806073,1923,0,True
52763413222112,2272896,11,11,31617606,2852,0,True
52763413223312,2272911,11,11,31532812,2864,0,True
52763413322312,2272983,11,11,30604134,2759,0,True
53126471231231,2276078,11,11,18633343,1683,0,True
53126471231321,2276080,11,11,14886730,1345,0,True
53126471321321,2276134,11,11,15938556,1621,0,True
53146272123233,2280605,11,11,21053141,1866,0,True
53147262123131,2282060,11,11,14652018,1311,0,True
53162743312223,2284618,11,11,34309788,3027,0,True
53274163211222,2307127,11,11,19082790,1718,0,True
53421671321111,2314035,11,11,19595297,1705,0,True
53421671321231,2314040,11,11,13056337,1494,0,True
53426171112233,2315318,11,11,15108018,1363,0,True
53462711113322,2320432,11,11,19689920,1759,0,True
53467211321111,2322054,11,11,12460631,1119,0,True
53476121323112,2325717,11,11,16264697,1466,0,True
53476121323322,2325724,11,11,16753363,1515,0,True
53614721212121,2329246,11,11,20765486,1913,0,True
53621471331221,2331562,11,11,13639902,1221,0,True
53642171111111,2337174,11,11,16800566,1513,0,True
53672142221213,2341902,11,11,28103886,2567,0,True
53714622233111,2347047,11,11,23116906,2051,0,True
53721463223312,2349456,11,11,17214608,1548,0,True
53724612121112,2351295,11,11,20443830,1800,0,True
53726143333121,2352475,11,11,14698970,1396,0,True
53741621323112,2354148,11,11,15092026,1401,0,True
53741621332112,2354166,11,11,15566846,1467,0,True
53742612323333,2355857,11,11,17867878,1572,0,True
53761242121211,2357859,11,11,20273409,1801,0,True
53761242221213,2357940,11,11,21469478,1901,0,True
53761242321212,2358021,11,11,20118321,1785,0,True
53762143222331,2359655,11,11,17160313,1662,0,True
53762413322123,2360458,11,11,18797684,1679,0,True
54123673233323,2362606,11,11,16383496,1456,0,True
54126371331221,2363638,11,11,13869226,1280,0,True
54127632131213,2365905,11,11,19949125,1776,0,True
54127632222212,2365968,11,11,18925441,1746,0,True
54127633131212,2366148,11,11,19936639,1826,0,True
54127633133333,2366171,11,11,20894764,1893,0,True
54127633333313,2366331,11,11,19420534,1715,0,True
54163271133221,2372242,11,11,15377542,1394,0,True
54163272233111,2372562,11,11,20019168,1801,0,True
54167231121113,2373651,11,11,13930658,1232,0,True
54167231131112,2373678,11,11,14135130,1694,0,True
54167231221211,2373735,11,11,15078656,1299,0,True
54167231333213,2373861,11,11,13958982,1257,0,True
54167232112112,2373876,11,11,14986807,1339,0,True
54167232133313,2373945,11,11,15888423,1417,0,True
54167232333113,2374101,11,11,13876987,1268,0,True
54167233232333,2374262,11,11,17902601,1581,0,True
54167233331213,2374329,11,11,15793555,1473,0,True
54172633132313,2376366,11,11,19528102,1730,0,True
54217362233213,2382771,11,11,32214893,2928,0,True
54217632132212,2383410,11,11,28810434,2551,0,True
54231671123111,2383875,11,11,14954790,1319,0,True
54231673123121,2384362,11,11,13098511,1182,0,True
54261373123121,2388736,11,11,14214317,1240,0,True
54261732231233,2389316,11,11,17576052,1880,0,True
54276132233312,2395896,11,11,17102710,1558,0,True
54312671131331,2397014,11,11,14703544,1312,0,True
54312672212111,2397285,11,11,16085351,1380,0,True
54312673311311,2397606,11,11,27346947,2454,0,True
54317261113112,2399886,11,11,13154372,1172,0,True
54317621111222,2400601,11,11,17242520,1532,0,True
54321672212213,2401662,11,11,23343534,2129,0,True
54321672212231,2401664,11,11,21861349,1931,0,True
54321672232211,2401716,11,11,22840671,2002,0,True
54321673313312,2401998,11,11,33098978,2973,0,True
54321673313321,2401999,11,11,34018925,3133,0,True
54321673323311,2402025,11,11,33902359,2973,0,True
54321761211221,2402140,11,11,14271031,1285,0,True
54321763113113,2402559,11,11,19301687,1666,0,True
54326171111231,2402789,11,11,19411639,1711,0,True
54326171112233,2402798,11,11,13765966,1276,0,True
54326171321231,2402978,11,11,13993561,1197,0,True
54326711112212,2403525,11,11,17851208,1570,0,True
54327612223232,2405345,11,11,15602046,1419,0,True
54361272223232,2406074,11,11,15906548,1619,0,True
54362171113133,2407178,11,11,16574553,1452,0,True
54362711111231,2407892,11,11,13257675,1409,0,True
54362711323112,2408094,11,11,16187423,1704,0,True
54367121112212,2408628,11,11,19691041,2022,0,True
54367121113211,2408637,11,11,16238752,1602,0,True
54367121113331,2408642,11,11,22444499,2188,0,True
54367122211121,2408941,11,11,18003676,1732,0,True
54367122311111,2409021,11,11,16261351,1694,0,True
54367123311113,2409264,11,11,16197586,1558,0,True
54367211132222,2409412,11,11,22002764,2142,0,True
54367211213333,2409452,11,11,27484416,2673,0,True
54367211222132,2409464,11,11,22433285,2258,0,True
54367211333213,2409582,11,11,23889411,2445,0,True
54367212211322,2409676,11,11,27312836,2724,0,True
54367212231122,2409724,11,11,23263484,2362,0,True
54367212233213,2409744,11,11,22366634,2265,0,True
54367212332213,2409816,11,11,22977410,2350,0,True
54367212333113,2409822,11,11,24098746,2434,0,True
54367213112222,2409844,11,11,25928218,2792,0,True
54367213312133,2410004,11,11,25393506,2859,0,True
54371261113331,2410100,11,11,16957102,1805,0,True
54371621113112,2410821,11,11,19876490,1852,0,True
54371621113322,2410828,11,11,13631361,1208,0,True
54376121322233,2413193,11,11,15919174,1449,0,True
54376211111132,2413721,11,11,16353888,1456,0,True
54376211111222,2413723,11,11,15080393,1330,0,True
54376211113133,2413739,11,11,17056218,1562,0,True
54612371112311,2414463,11,11,24202337,2181,0,True
54612372222131,2414810,11,11,17844044,1575,0,True
54612732112223,2415433,11,11,16858049,1578,0,True
54612733322213,2415864,11,11,17082098,1573,0,True
54621371133311,2418900,11,11,15734870,1425,0,True
54621372211121,2419147,11,11,17216152,1581,0,True
54637211132111,2426904,11,11,13300963,1203,0,True
54671232221213,2427924,11,11,18129060,1737,0,True
54712361323313,2432157,11,11,17194832,1615,0,True
54712362223322,2432320,11,11,18044126,1597,0,True
54716232222113,2435220,11,11,17854055,1603,0,True
54716321112323,2435605,11,11,17268434,1668,0,True
54716322313223,2436016,11,11,14259472,1453,0,True
54721631111111,2437047,11,11,55070278,5625,0,False
54721631122121,2437084,11,11,16138297,2037,0,True
54721631311133,2437211,11,11,15308514,1822,0,True
54721632133232,2437367,11,11,14927159,1766,0,True
54721632212222,2437384,11,11,15925532,1953,0,True
54721632212231,2437385,11,11,13886582,1754,0,True
54721633231322,2437675,11,11,14817216,1704,0,True
54721633313321,2437720,11,11,15928371,1982,0,True
54721633333331,2437775,11,11,13994872,1748,0,True
54723612131312,2438808,11,11,21557196,2672,0,True
54723612221222,2438860,11,11,17640573,2002,0,True
54723612222212,2438868,11,11,18061895,2121,0,True
54723613121312,2439024,11,11,19826599,2176,0,True
54723613333313,2439231,11,11,20025391,2190,0,True
54761233322321,2445757,11,11,15414789,1699,0,True
54763212322232,2449157,11,11,14646893,1564,0,True
56123471222312,2449563,11,11,21428086,2451,0,True
56123471223221,2449570,11,11,20339723,2212,0,True
56123471331332,2449664,11,11,26038070,2950,0,True
56123471333123,2449675,11,11,22362997,2460,0,True
56123472322121,2449882,11,11,21506450,2481,0,True
56123472331331,2449907,11,11,20181890,2205,0,True
56123473133132,2450000,11,11,23762138,2636,0,True
56123473133231,2450003,11,11,20002415,2185,0,True
56123473222112,2450043,11,11,20675914,2261,0,True
56123473223312,2450058,11,11,20625153,2196,0,True
56123473322312,2450130,11,11,21384362,2279,0,True
56124371111231,2450903,11,11,12933506,1384,0,True
56124371232323,2451049,11,11,17777920,1952,0,True
56127433332323,2453803,11,11,15855774,1701,0,True
56132472333332,2454299,11,11,16120900,1708,0,True
56132473211111,2454381,11,11,15647088,1675,0,True
56132473213211,2454402,11,11,15648249,1768,0,True
56143273332323,2460364,11,11,19575739,2231,0,True
56147231222132,2461223,11,11,34688455,3885,0,True
56147231333213,2461341,11,11,21546069,2387,0,True
56147232233213,2461503,11,11,22448749,2496,0,True
56147232332213,2461575,11,11,23204150,2797,0,True
56147232333113,2461581,11,11,22478788,2653,0,True
56147322333233,2462315,11,11,20076266,2125,0,True
56173421113112,2464767,11,11,13120388,1407,0,True
56174232323333,2465936,11,11,17717854,1953,0,True
56174321232113,2466351,11,11,21766841,2536,0,True
56213471111111,2466936,11,11,17974987,1934,0,True
56213743313333,2468339,11,11,21102321,2321,0,True
56243173133111,2477700,11,11,19220085,2227,0,True
56243713121333,2478392,11,11,19680609,2079,0,True
56247132333233,2479082,11,11,16188732,1745,0,True
56271433111313,2481279,11,11,21609371,2312,0,True
56271433123313,2481324,11,11,21070908,2340,0,True
56271433132313,2481342,11,11,22155113,2388,0,True
56274132331133,2483435,11,11,17189428,1828,0,True
56274312313211,2484129,11,11,25166172,2699,0,True
56321473233323,2489452,11,11,14348314,1523,0,True
56321742211112,2489859,11,11,21404531,2424,0,True
56324171221331,2490380,11,11,14058078,1546,0,True
56327411211332,2492540,11,11,14174236,1546,0,True
56327413213112,2493036,11,11,14005577,1595,0,True
56341273121213,2493696,11,11,20519699,2227,0,True
56341273131212,2493723,11,11,18401970,2083,0,True
56347122333233,2496578,11,11,18411095,1931,0,True
56347211213111,2496924,11,11,14504945,1525,0,True
56347211222132,2496944,11,11,14825549,1628,0,True
56347211312111,2496996,11,11,13736569,1512,0,True
56347211331131,2497043,11,11,13355887,1473,0,True
56347212111221,2497072,11,11,24151932,2657,0,True
56347212111311,2497074,11,11,18241631,1921,0,True
56347212123233,2497118,11,11,16754594,2017,0,True
56347212232223,2497216,11,11,16109325,1699,0,True
56347213111211,2497314,11,11,17474268,1994,0,True
56347213131332,2497373,11,11,15325104,1625,0,True
56423171231231,2507900,11,11,12894804,1368,0,True
56423171231321,2507902,11,11,15739429,1705,0,True
56423171321321,2507956,11,11,14194351,1493,0,True
56423172112121,2508013,11,11,16178878,1741,0,True
56423173132121,2508310,11,11,14620880,1947,0,True
56423173133111,2508318,11,11,16027725,1947,0,True
56432713122122,2513386,11,11,16793781,2010,0,True
56712341232113,2519568,11,11,14678986,1874,0,True
56712343211123,2519992,11,11,16109924,2023,0,True
56721343123331,2524337,11,11,17336169,2086,0,True
56721432312233,2524946,11,11,20182967,2381,0,True
56723411113313,2526009,11,11,14912746,1832,0,True
56723411121113,2526012,11,11,15159998,1891,0,True
56723411131112,2526039,11,11,13911524,1811,0,True
56723411222312,2526108,11,11,13624858,1607,0,True
56723412122312,2526270,11,11,13358068,1681,0,True
56723412323222,2526439,11,11,14617611,1904,0,True
56723413221212,2526582,11,11,14089584,1843,0,True
56723413222112,2526588,11,11,13868793,1941,0,True
56723413331111,2526687,11,11,14108898,1764,0,True
56732143122113,2530152,11,11,19466793,2095,0,True
56741231121311,2532579,11,11,14685342,1592,0,True
56741231131211,2532603,11,11,19048091,2022,0,True
56741231211131,2532629,11,11,18496138,2115,0,True
56741231311121,2532709,11,11,14155619,1524,0,True
56741232111113,2532789,11,11,16204619,1758,0,True
56741233111112,2533032,11,11,16014703,1668,0,True
56743212122222,2536474,11,11,17698537,1954,0,True
56743212221222,2536546,11,11,20989527,2272,0,True
56743213121213,2536707,11,11,21886468,2447,0,True
56743213121312,2536710,11,11,19019076,2070,0,True
56743213331333,2536901,11,11,20675180,2261,0,True
57123461111111,2536920,11,11,17062750,1870,0,True
57164322131312,2553990,11,11,15914782,1767,0,True
57214361323232,2556086,11,11,13214335,1474,0,True
57214632212213,2556939,11,11,28617855,2952,0,True
57236141113232,2561729,11,11,14418443,1543,0,True
57236141322233,2561909,11,11,14004735,1531,0,True
57236141323232,2561918,11,11,20475135,2274,0,True
57241631322113,2564091,11,11,12725718,1406,0,True
57241631323112,2564100,11,11,12332381,1313,0,True
57246131112233,2566094,11,11,15954581,1665,0,True
57264132111323,2570704,11,11,17783066,1961,0,True
57321641311112,2577177,11,11,14775130,1631,0,True
57321642311132,2577422,11,11,14830201,1539,0,True
57364212213311,2589027,11,11,20051621,2178,0,True
57364212313211,2589105,11,11,16931194,1795,0,True
57364213332122,2589391,11,11,13274096,1417,0,True
57642311113322,2622238,11,11,14810534,1642,0,True
61234572231323,2624785,11,11,16299260,1786,0,True
61234573232213,2625033,11,11,14690448,1565,0,True
61235741313131,2626769,11,11,25753835,2757,0,True
61257343232123,2636695,11,11,14628633,1531,0,True
61274351313131,2639162,11,11,19538020,2217,0,True
61274532231323,2640094,11,11,16054132,1724,0,True
61352472233321,2651047,11,11,13709742,1459,0,True
61352472313211,2651070,11,11,27133179,2795,0,True
61452731311313,2669037,11,11,20057493,2043,0,True
61453721111111,2670327,11,11,17574013,1859,0,True
61453721311112,2670489,11,11,14165570,1535,0,True
61453723111121,2670814,11,11,13987407,1499,0,True
61472532123332,2673539,11,11,15661688,1664,0,True
61472533112111,2673738,11,11,13260971,1421,0,True
61527431111111,2680533,11,11,18366148,2040,0,True
61534272311132,2683127,11,11,18270093,2010,0,True
61534721112311,2683464,11,11,15783013,1599,0,True
61534721113211,2683470,11,11,14882544,1396,0,True
61543271111111,2687094,11,11,19276915,1775,0,True
61543271112311,2687109,11,11,16309678,1585,0,True
61572432312323,2691160,11,11,14913548,1459,0,True
61734523222331,2701556,11,11,20304982,1784,0,True
62134572321323,2712319,11,11,19426447,1707,0,True
62135471122121,2713375,11,11,15963758,1744,0,True
62135472132131,2713646,11,11,13761188,1205,0,True
62135473122131,2713862,11,11,13301263,1252,0,True
62135473123121,2713870,11,11,17374940,1663,0,True
62135473131131,2713880,11,11,15947969,1390,0,True
62135473132121,2713888,11,11,15600882,1452,0,True
62135473232231,2713973,11,11,14685660,1345,0,True
62135473322321,2714029,11,11,15657230,1400,0,True
62135743222331,2714678,11,11,16217835,1405,0,True
62135743312223,2714728,11,11,27123389,2451,0,True
62147353123121,2719702,11,11,14948291,1283,0,True
62147353132121,2719720,11,11,12639186,1175,0,True
62154733321121,2723491,11,11,13350702,1262,0,True
62157342132212,2723853,11,11,18966983,1902,0,True
62173543232132,2726363,11,11,14719458,1280,0,True
62174351122133,2726498,11,11,20529913,1793,0,True
62174533311212,2727840,11,11,18553876,1709,0,True
62317453112111,2732787,11,11,12991471,1146,0,True
62317453312211,2732952,11,11,20925436,1829,0,True
62351743112123,2739349,11,11,24018758,2167,0,True
62371453311311,2743152,11,11,18011962,1544,0,True
62374511322311,2744889,11,11,12707251,1113,0,True
62374513112321,2745187,11,11,14960699,1353,0,True
62374513312112,2745342,11,11,12142713,1093,0,True
62435172211133,2753030,11,11,21860789,1903,0,True
62435172311132,2753111,11,11,23468423,2150,0,True
62435711222222,2753554,11,11,14696038,1322,0,True
62453713311122,2758456,11,11,18536611,1727,0,True
62471532232133,2761112,11,11,15335790,1457,0,True
62475131322323,2763115,11,11,14792692,1699,0,True
62531472321233,2769179,11,11,16309849,1982,0,True
62543711211113,2775384,11,11,15982279,1993,0,True
62543711311112,2775465,11,11,13493143,1748,0,True
62571432321233,2778656,11,11,19998497,2433,0,True
62735143223213,2789769,11,11,17923695,1971,0,True
63125741112323,2801563,11,11,27092512,3015,0,True
63125743131233,2802092,11,11,14395452,1525,0,True
63125743133312,2802111,11,11,15250726,1625,0,True
63142571111111,2803734,11,11,16649917,1768,0,True
63142571132321,2803804,11,11,23159313,2400,0,True
63142573112123,2804230,11,11,22505916,2336,0,True
63172452312323,2812903,11,11,13420715,1421,0,True
63172452313211,2812908,11,11,27606643,2843,0,True
63174522332132,2815139,11,11,14642760,1478,0,True
63247511123132,2824922,11,11,13745191,1562,0,True
63251743133231,2826896,11,11,20719977,2707,0,True
63452711311313,2845455,11,11,15927797,1830,0,True
63452712333221,2845768,11,11,15022101,1662,0,True
63471522123131,2848493,11,11,16919251,1785,0,True
63471522323132,2848655,11,11,18550405,1871,0,True
63471522332132,2848673,11,11,15147473,1614,0,True
63472512123332,2849957,11,11,16667318,1852,0,True
63512743313333,2853251,11,11,21548334,2317,0,True
63541271212211,2860689,11,11,25421432,2649,0,True
63542713121333,2863304,11,11,23642044,2344,0,True
63574212123131,2868905,11,11,14537888,1619,0,True
63574212313211,2869041,11,11,23543350,2636,0,True
63712542221111,2870424,11,11,15660956,1741,0,True
63714252123131,2871092,11,11,18253583,1894,0,True
63714521112323,2871547,11,11,17705544,1733,0,True
63714522332132,2872001,11,11,13392990,1512,0,True
63721541233322,2874607,11,11,15247449,1591,0,True
63724153121213,2875692,11,11,21105419,2298,0,True
63725141112323,2876650,11,11,26049847,2696,0,True
63725141233121,2876788,11,11,17652048,1730,0,True
63725142123131,2876924,11,11,23852366,2455,0,True
63725142223133,2877005,11,11,21577229,2104,0,True
63725143122113,2877156,11,11,19828305,2173,0,True
63725143123313,2877171,11,11,27876147,2779,0,True
63741252222323,2878459,11,11,16539446,1822,0,True
63741522123131,2879111,11,11,17070486,1797,0,True
63742511232221,2880427,11,11,16896114,1820,0,True
63745123122212,2881533,11,11,14453974,1576,0,True
63751242221321,2882824,11,11,20186600,2117,0,True
63751423122311,2883723,11,11,17810554,1932,0,True
63752141111111,2883924,11,11,21663866,2256,0,True
63752141122211,2883963,11,11,18231738,1855,0,True
63752141123213,2883972,11,11,14267992,1576,0,True
63752142332132,2884394,11,11,13175400,1459,0,True
63752143123223,2884459,11,11,13804702,1585,0,True
63752143212323,2884507,11,11,13524890,1459,0,True
63752143223123,2884537,11,11,15871480,1547,0,True
63752411223212,2884782,11,11,13866697,1339,0,True
63752411333213,2884890,11,11,23369100,2337,0,True
63752412312323,2885074,11,11,18082687,1859,0,True
63752412322112,2885094,11,11,14513974,1508,0,True
63752412333113,2885130,11,11,23310050,2187,0,True
63754213122122,2886634,11,11,15173611,1343,0,True
64125371131313,2888358,11,11,23844781,2142,0,True
64157321133212,2899308,11,11,31650383,2917,0,True
64231572311132,2909117,11,11,17429338,1641,0,True
64257131113223,2916022,11,11,15455327,1326,0,True
64271533221212,2918784,11,11,16434543,1610,0,True
64275131212223,2920468,11,11,18545304,2023,0,True
64275131312123,2920546,11,11,17910681,1920,0,True
64275132211133,2920700,11,11,22149252,2382,0,True
64275132232133,2920763,11,11,21439587,2150,0,True
64275133231112,2920995,11,11,20289307,1886,0,True
64275133312211,2921034,11,11,17065334,1522,0,True
64275311112332,2921120,11,11,16363020,1452,0,True
64275311222222,2921224,11,11,14178291,1256,0,True
64275313312211,2921763,11,11,15122947,1343,0,True
64321572111131,2926451,11,11,18178992,1635,0,True
64321572132131,2926514,11,11,15104109,1341,0,True
64321572311132,2926613,11,11,16936570,1475,0,True
64325713121222,2928910,11,11,30176534,2645,0,True
64351272132131,2930888,11,11,15153787,1296,0,True
64357212313211,2934651,11,11,17400753,1560,0,True
64357213231322,2934853,11,11,21046432,1901,0,True
64357213312211,2934885,11,11,19232307,1680,0,True
64531271212211,2948169,11,11,24587359,2189,0,True
64531272132131,2948384,11,11,13841078,1222,0,True
64531273122131,2948600,11,11,13562740,1212,0,True
64531273123121,2948608,11,11,17774425,1767,0,True
64531273311311,2948730,11,11,14878736,1415,0,True
64531273312211,2948736,11,11,13836267,1300,0,True
64572131122223,2953948,11,11,15071192,1539,0,True
64713253112111,2958777,11,11,12945827,1658,0,True
65123471112311,2974335,11,11,14622929,1690,0,True
65123471233232,2974478,11,11,12677323,1488,0,True
65123472312311,2974740,11,11,15198244,1678,0,True
65132471212112,2978784,11,11,15801026,1435,0,True
65132471222111,2978811,11,11,15274600,1378,0,True
65132471231321,2978836,11,11,17579362,2113,0,True
65132471323121,2978902,11,11,16930118,1901,0,True
65132472131231,2978996,11,11,13762386,1555,0,True
65132472212231,2979032,11,11,22800413,2626,0,True
65132472233321,2979097,11,11,18038873,2116,0,True
65132473111331,2979188,11,11,17584174,2165,0,True
65132473313312,2979366,11,11,14296645,1613,0,True
65132473323311,2979393,11,11,14626425,1617,0,True
65132741223323,2979556,11,11,14241486,1452,0,True
65132743222331,2980034,11,11,17844389,1856,0,True
65134721233232,2981039,11,11,16081605,1745,0,True
65147321232113,2986857,11,11,20596819,2136,0,True
65172431132333,2988242,11,11,17408779,1941,0,True
65174232123131,2990648,11,11,15151193,1599,0,True
65174232133313,2990679,11,11,15043181,1534,0,True
65174232323312,2990814,11,11,16708045,1848,0,True
65174233323212,2991054,11,11,16605223,1669,0,True
65174233331213,2991063,11,11,15809594,1660,0,True
65174322313211,2991513,11,11,16229118,1805,0,True
65174323223123,2991700,11,11,15893159,1769,0,True
65213741111111,2992545,11,11,17750239,1799,0,True
65241371111111,3000564,11,11,17021642,1676,0,True
65243712121322,3003028,11,11,22487589,2401,0,True
65271341332331,3005171,11,11,16558477,1871,0,True
65271432231233,3006050,11,11,16921614,1768,0,True
65274131111111,3007854,11,11,20039206,2053,0,True
65274131311313,3008022,11,11,13885624,1480,0,True
65274131312213,3008028,11,11,15658772,1610,0,True
65274132123332,3008150,11,11,15091786,1517,0,True
65274133132223,3008407,11,11,15011814,1541,0,True
65274133232321,3008491,11,11,13527178,1339,0,True
65274133312223,3008515,11,11,14721139,1601,0,True
65314272311132,3011177,11,11,13963811,1533,0,True
65314272313211,3011196,11,11,23245914,2505,0,True
65321472111122,3013930,11,11,17851858,1917,0,True
65417321232113,3030597,11,11,14536167,1641,0,True
65417323223123,3031066,11,11,13376558,1387,0,True
65417323232123,3031084,11,11,14520751,1515,0,True
65423713321322,3034051,11,11,16182681,1741,0,True
65432173232321,3037651,11,11,15816942,1635,0,True
65471231132213,3039996,11,11,18964081,2037,0,True
65714323223123,3048562,11,11,15521037,1670,0,True
65723143321313,3050817,11,11,14488470,1540,0,True
65732411333123,3055474,11,11,30891896,3354,0,True
65742311212313,3059709,11,11,14217485,1540,0,True
67132541133311,3066981,11,11,25249958,2688,0,True
67145323133312,3074757,11,11,15893036,1719,0,True
67154233323332,3078539,11,11,23444499,2506,0,True
67215343333133,3082934,11,11,19608226,2092,0,True
67231541323112,3084606,11,11,18472458,1974,0,True
67231543323122,3085093,11,11,18542672,2019,0,True
67234513332122,3086569,11,11,14493233,1540,0,True
67245131313323,3091147,11,11,15103678,1702,0,True
67245311112311,3091704,11,11,22354825,2414,0,True
67245311133233,3091766,11,11,18057046,1930,0,True
67254311131133,3096119,11,11,24265719,2685,0,True
67254313311113,3096711,11,11,15026608,1595,0,True
67312452233321,3097195,11,11,15434948,1727,0,True
67312541121221,3097552,11,11,15011658,1549,0,True
67312542221111,3097872,11,11,19162058,2016,0,True
67321451111123,3101167,11,11,14502620,1605,0,True
67321451112311,3101181,11,11,15584024,1658,0,True
67321451212211,3101259,11,11,25268852,2776,0,True
67321451311133,3101330,11,11,16222471,1644,0,True
67321452111122,3101410,11,11,15090587,1439,0,True
67321453113311,3101676,11,11,16917061,1703,0,True
67321542232133,3102284,11,11,16004028,1507,0,True
67341252222323,3105907,11,11,17018025,1624,0,True
67342512222113,3108087,11,11,17143710,1780,0,True
67345122223133,3108827,11,11,22397708,2331,0,True
67345122232133,3108845,11,11,21610078,2254,0,True
67345211111123,3109186,11,11,14474423,1511,0,True
67345211111132,3109187,11,11,15615452,1587,0,True
67345211112233,3109199,11,11,15038873,1512,0,True
67345211113322,3109210,11,11,14580758,1301,0,True
67345211211122,3109267,11,11,16187440,1387,0,True
67345211311133,3109349,11,11,15950388,1390,0,True
67345212111122,3109429,11,11,14629761,1420,0,True
67345213111133,3109673,11,11,17221328,1718,0,True
67354121111111,3112830,11,11,16738442,1718,0,True
67354211212121,3113650,11,11,16447093,1668,0,True
67354211313113,3113739,11,11,24020491,2181,0,True
67354211333111,3113793,11,11,23924765,2343,0,True
67354212111221,3113806,11,11,16642083,1479,0,True
67354212212222,3113896,11,11,15614282,1595,0,True
67354212311132,3113966,11,11,15793171,2255,0,True
67354213111313,3114051,11,11,19228606,2519,0,True
67354213131311,3114105,11,11,18344978,2512,0,True
67354213211132,3114128,11,11,15586322,2148,0,True
67354213313333,3114233,11,11,15699178,2847,0,True
67412353132121,3114838,11,11,18104055,2513,0,True
67412353332221,3115003,11,11,14105035,1921,0,True
67412531131133,3115073,11,11,17259096,2095,0,True
67435121332112,3126177,11,11,13065014,2161,0,True
67435123123121,3126484,11,11,13129298,1780,0,True
67452313321232,3130277,11,11,18552160,2509,0,True
71234563231322,3149908,11,11,17431916,2019,0,True
71263541333222,3163369,11,11,22077033,5124,0,True
71263542323123,3163582,11,11,22292250,3447,0,True
71264533131323,3165136,11,11,22382841,3467,0,True
71264533221323,3165190,11,11,22082815,2368,0,True
71264533231223,3165214,11,11,25853937,2285,0,True
71264533231313,3165216,11,11,23570316,2173,0,True
71326451211311,3169779,11,11,14483860,1506,0,True
71326453132121,3170242,11,11,14156063,1514,0,True
71326543333313,3171147,11,11,20950310,2224,0,True
71345262132131,3172916,11,11,16336869,1463,0,True
71362453113311,3180408,11,11,17213152,1526,0,True
71365423331312,3184251,11,11,19833534,1806,0,True
71423563213232,3184862,11,11,16303990,1505,0,True
71423653213232,3185591,11,11,15297037,1397,0,True
71426353312211,3187848,11,11,16303367,1626,0,True
71426533333223,3188641,11,11,18428007,1965,0,True
71432561232323,3188797,11,11,16469375,1862,0,True
71432561323232,3188858,11,11,12842775,1600,0,True
71432562111221,3188893,11,11,15352169,1814,0,True
71432563232213,3189279,11,11,16348622,2001,0,True
71432563323113,3189339,11,11,13836637,1756,0,True
71432563323122,3189340,11,11,14848343,1960,0,True
71432563332113,3189357,11,11,13945951,1788,0,True
71435261322233,3190307,11,11,19079769,2422,0,True
71435262222122,3190465,11,11,17298588,2241,0,True
71435263211123,3190672,11,11,20261834,2459,0,True
71435263311122,3190753,11,11,18926055,2405,0,True
71435263333133,3190826,11,11,19278271,2136,0,True
71435263333223,3190828,11,11,19461405,2284,0,True
71435623333331,3191561,11,11,19003854,2029,0,True
71436253333112,3192282,11,11,20871228,2141,0,True
71452363213232,3193610,11,11,14924247,1478,0,True
71452632222131,3194111,11,11,19936481,2042,0,True
71453262222221,3194842,11,11,15973058,1822,0,True
71453623311122,3195856,11,11,21743680,2305,0,True
71456321322323,3196870,11,11,15122000,1573,0,True
71456322111221,3196912,11,11,15834108,1683,0,True
71462531113322,3198148,11,11,18971853,2080,0,True
71462532111212,3198369,11,11,16360727,1751,0,True
71462532121112,3198393,11,11,16889918,1783,0,True
71462533111223,3198613,11,11,20303270,2251,0,True
71462533221113,3198717,11,11,16624239,1806,0,True
71463523331222,3200287,11,11,16976224,1817,0,True
71523463131311,3202314,11,11,21578984,2304,0,True
71523463231313,3202395,11,11,22335916,2406,0,True
71523463331312,3202476,11,11,21283384,2302,0,True
71532463221332,3206744,11,11,16436268,1690,0,True
71534262122222,3207883,11,11,20853533,2270,0,True
71542633132322,3211801,11,11,16050381,1691,0,True
71543622111131,3212948,11,11,13585527,1405,0,True
71543623111121,3213190,11,11,15109003,1635,0,True
71546233331213,3214137,11,11,20716866,2206,0,True
71546322231212,3214542,11,11,21472378,2272,0,True
71562433123232,3216155,11,11,15486625,1690,0,True
71563243221221,3216946,11,11,17367840,1732,0,True
71625433213133,3223496,11,11,27774096,2872,0,True
71643252231212,3229851,11,11,21125779,2204,0,True
71643523331213,3230904,11,11,21724853,2234,0,True
72134562312212,3237177,11,11,19639724,2109,0,True
72136541322233,3240608,11,11,14577355,1470,0,True
72143563222331,3241745,11,11,14731649,1538,0,True
72143651121113,3241890,11,11,14817134,1590,0,True
72143651131112,3241917,11,11,15775519,1615,0,True
72143651213111,3241962,11,11,14344121,1477,0,True
72143651312111,3242034,11,11,14112942,1445,0,True
72143652111311,3242112,11,11,14373890,1418,0,True
72143653111211,3242352,11,11,14302504,1413,0,True
72145631233223,3243478,11,11,14060286,1406,0,True
72145633232231,3243956,11,11,14111373,1419,0,True
72145633312223,3243982,11,11,22825804,2330,0,True
72146352232223,3244441,11,11,16872596,1690,0,True
72163452122222,3250165,11,11,20932988,2068,0,True
72163453121213,3250398,11,11,17612512,1769,0,True
72163453131212,3250425,11,11,19902254,2026,0,True
72163453133333,3250448,11,11,17027021,1728,0,True
72163453331333,3250592,11,11,20968771,2148,0,True
72164353131113,3251880,11,11,20445554,2131,0,True
72165431113331,3253553,11,11,14580863,1665,0,True
72165432111113,3253770,11,11,15155181,1632,0,True
72165432111122,3253771,11,11,20161602,2139,0,True
72165432211112,3253851,11,11,16573680,1689,0,True
72165432323312,3253983,11,11,14651574,1523,0,True
72165433111112,3254013,11,11,14246507,1493,0,True
72165433121333,3254048,11,11,15742427,1682,0,True
72165433221233,3254126,11,11,14987471,1619,0,True
72165433233323,3254173,11,11,16203804,1680,0,True
72165433321223,3254206,11,11,13930920,1413,0,True
72165433331213,3254232,11,11,15365333,1690,0,True
72345611111111,3260817,11,11,19845326,2039,0,True
72345611133113,3260889,11,11,13633911,1342,0,True
72345611221223,3260929,11,11,12394541,1301,0,True
72345611222222,3260938,11,11,13455161,1375,0,True
72345611331332,3261041,11,11,14515932,1516,0,True
72345612122111,3261096,11,11,15528779,1716,0,True
72345612331331,3261284,11,11,12284827,1287,0,True
72345613221221,3261415,11,11,13091532,1432,0,True
72345613333331,3261545,11,11,16555471,1659,0,True
72356141112323,3265936,11,11,15922387,1589,0,True
72356141232113,3266064,11,11,14695122,1535,0,True
72356143211123,3266488,11,11,14072962,1406,0,True
72361453232333,3268016,11,11,14129186,1407,0,True
72361542333233,3268589,11,11,25251910,2616,0,True
72365412222212,3271386,11,11,15444484,1584,0,True
72365413121312,3271542,11,11,21976050,2378,0,True
72365413131212,3271566,11,11,16057477,1702,0,True
72365413331333,3271733,11,11,16368538,1635,0,True
72435163333313,3278310,11,11,23201356,2415,0,True
72513641232323,3290128,11,11,14660096,1488,0,True
72513641233322,3290137,11,11,17093912,1768,0,True
72516342313223,3292591,11,11,15914738,1689,0,True
72531463321232,3294302,11,11,17519012,1775,0,True
72534163211123,3295648,11,11,18262476,1925,0,True
72541631111213,3298728,11,11,15000940,1496,0,True
72541631111312,3298731,11,11,16678395,1686,0,True
72541631112131,3298736,11,11,15615567,1667,0,True
72541631113121,3298744,11,11,16224005,1650,0,True
72541632131111,3299022,11,11,14331971,1468,0,True
72541633121111,3299238,11,11,17770298,1863,0,True
72543162311111,3299859,11,11,13666404,1684,0,True
72543163211111,3300021,11,11,15177525,1625,0,True
72543611221223,3300295,11,11,20020334,2209,0,True
72543611223221,3300313,11,11,20971834,2216,0,True
72543611331332,3300407,11,11,23682572,2596,0,True
72543611332331,3300416,11,11,21265843,2195,0,True
72543612331331,3300650,11,11,20125199,2105,0,True
72543613132232,3300737,11,11,25653967,2637,0,True
72543613133222,3300745,11,11,20717582,2337,0,True
72543613221221,3300781,11,11,21652547,2716,0,True
72543613223312,3300801,11,11,23898218,3033,0,True
72543613322312,3300873,11,11,24711994,2650,0,True
72546311323112,3301848,11,11,14136746,1677,0,True
72546313323212,3302337,11,11,15806964,1998,0,True
72561342313223,3302797,11,11,21248308,2597,0,True
72561432213122,3303442,11,11,25139321,2642,0,True
72561433221233,3303698,11,11,22278193,2422,0,True
72561433311233,3303752,11,11,28682742,3014,0,True
72561433321133,3303776,11,11,23910116,2673,0,True
72561433321223,3303778,11,11,23589360,2482,0,True
72563411111213,3304560,11,11,14771519,1590,0,True
72563411111312,3304563,11,11,14504508,1524,0,True
72563411112131,3304568,11,11,19937520,2120,0,True
72563411113121,3304576,11,11,15839703,1689,0,True
72563412131111,3304854,11,11,14371799,1505,0,True
72563413121111,3305070,11,11,14172232,1415,0,True
72643513212311,3318261,11,11,14894343,1493,0,True
72643513212332,3318263,11,11,13825053,1526,0,True
73125463133132,3326258,11,11,16542774,1737,0,True
73146522113231,3332525,11,11,13445669,1480,0,True
73246153312211,3349686,11,11,14372071,1487,0,True
73456123231322,3371524,11,11,16397004,1750,0,True
73516243323113,3380337,11,11,14222006,1768,0,True
73516243332131,3380357,11,11,15169184,1529,0,True
73541262321212,3385911,11,11,18981965,1961,0,True
73542163321133,3387611,11,11,19051756,1959,0,True
73542613132121,3388213,11,11,13890382,1364,0,True
73542613132322,3388219,11,11,14192659,1464,0,True
73564213321322,3394177,11,11,18353485,1918,0,True
73614251112323,3395698,11,11,18906151,1986,0,True
73615241112323,3397156,11,11,25073198,2540,0,True
73615241113322,3397165,11,11,20487477,2140,0,True
73615242223133,3397511,11,11,19934770,2097,0,True
73615243123313,3397677,11,11,18844170,1955,0,True
73615243213313,3397731,11,11,19485711,2042,0,True
73615243331312,3397848,11,11,18971984,1895,0,True
73615243332311,3397857,11,11,19661270,2047,0,True
73615421113322,3397894,11,11,14743116,1547,0,True
73615423213211,3398457,11,11,19595534,1958,0,True
73615423333331,3398597,11,11,15528527,1655,0,True
73624513121132,3401300,11,11,25119784,2706,0,True
73624513332131,3401498,11,11,22536489,2216,0,True
73625141112323,3401530,11,11,18496159,1879,0,True
73625143121213,3402030,11,11,15701782,1523,0,True
73625143333313,3402240,11,11,16391561,1675,0,True
73625412222323,3402610,11,11,16107370,1612,0,True
73642511111111,3405159,11,11,21266000,2226,0,True
73642511113232,3405182,11,11,18259531,2014,0,True
73642511113322,3405184,11,11,18186203,1900,0,True
73642513223222,3405775,11,11,19870056,2068,0,True
73645121113211,3405909,11,11,17948692,1805,0,True
73645122222311,3406254,11,11,17151736,1592,0,True
73645211223113,3406743,11,11,13061573,1177,0,True
73645211231111,3406752,11,11,16705645,1573,0,True
73645211321111,3406806,11,11,13064115,1264,0,True
73645211332112,3406842,11,11,13585629,1213,0,True
73645213112231,3407117,11,11,14108672,1278,0,True
73645213333112,3407337,11,11,14970533,1363,0,True
73651241113322,3407371,11,11,15769084,1552,0,True
73652413211312,3410106,11,11,16866089,1610,0,True
73652413331321,3410242,11,11,18948634,2410,0,True
73654122111122,3410506,11,11,21008224,2038,0,True
73654122221111,3410613,11,11,14617344,1375,0,True
73654211111132,3410993,11,11,17232092,1614,0,True
74123563323221,3412417,11,11,13515717,1292,0,True
74123652322121,3412891,11,11,20970255,2026,0,True
74123653132232,3413003,11,11,26844564,2655,0,True
74123653133132,3413009,11,11,21833494,2030,0,True
74123653133222,3413011,11,11,21622521,2024,0,True
74123653133231,3413012,11,11,19913717,1931,0,True
74125631313311,3414093,11,11,14310909,1237,0,True
74125632121121,3414178,11,11,14957558,1371,0,True
74125632122111,3414186,11,11,13855717,1220,0,True
74125632131111,3414204,11,11,14300309,1376,0,True
74125632321332,3414347,11,11,13887596,1280,0,True
74125633121111,3414420,11,11,17484989,1581,0,True
74125633131233,3414452,11,11,13615402,1236,0,True
74125633132232,3414461,11,11,12379746,1144,0,True
74125633133222,3414469,11,11,13089610,1171,0,True
74125633133312,3414471,11,11,17430160,1633,0,True
74125633332323,3414625,11,11,16373567,1571,0,True
74126352333122,3415114,11,11,19324735,1801,0,True
74132561321231,3416288,11,11,18175094,1713,0,True
74132562121121,3416365,11,11,16883027,1608,0,True
74132562122111,3416373,11,11,15805418,1466,0,True
74132563131221,3416638,11,11,19462250,1747,0,True
74132563132112,3416643,11,11,15876426,1449,0,True
74136522322121,3420181,11,11,19614083,1775,0,True
74152363132232,3421022,11,11,19289442,1725,0,True
74152363133132,3421028,11,11,19420114,1734,0,True
74152363133222,3421030,11,11,21940103,1912,0,True
74152363133231,3421031,11,11,19380839,2004,0,True
74156322122123,3424393,11,11,14762223,1344,0,True
74156322122321,3424399,11,11,15126395,1669,0,True
74156322313223,3424540,11,11,15152906,1390,0,True
74156323132331,3424670,11,11,14297544,1286,0,True
74156323133123,3424672,11,11,14757518,1302,0,True
74163251121122,3426328,11,11,16421683,1466,0,True
74163252112211,3426555,11,11,15218873,1377,0,True
74163252131111,3426597,11,11,16400041,1422,0,True
74163253121111,3426813,11,11,16276088,1417,0,True
74163253131332,3426848,11,11,13678045,1232,0,True
74163253133132,3426860,11,11,13462327,1280,0,True
74163253133213,3426861,11,11,14589714,1356,0,True
74163253133231,3426863,11,11,13890445,1243,0,True
74163253332323,3427018,11,11,14918956,1305,0,True
74165231121212,3427788,11,11,25684822,2198,0,True
74165231131313,3427818,11,11,24151771,2080,0,True
74165231212121,3427849,11,11,24451455,2149,0,True
74165231313131,3427940,11,11,25231538,2177,0,True
74165232111212,3428004,11,11,25515974,2232,0,True
74165232121112,3428028,11,11,24273753,2307,0,True
74165232121211,3428031,11,11,24575500,2538,0,True
74165233111313,3428250,11,11,26554596,2455,0,True
74165233131113,3428298,11,11,24360451,2758,0,True
74165233131311,3428304,11,11,25850464,2874,0,True
74165233131323,3428305,11,11,24486491,2807,0,True
74165233132313,3428313,11,11,26356678,2976,0,True
74165233231313,3428385,11,11,26383587,2881,0,True
74213652323132,3430397,11,11,14134985,1582,0,True
74251633111313,3439185,11,11,19319376,2141,0,True
74256311321222,3441802,11,11,26883220,2957,0,True
74256313111232,3442100,11,11,31257492,3156,0,True
74265312333233,3446465,11,11,16250797,1847,0,True
74312652333332,3447926,11,11,16215680,1646,0,True
74321563311131,3451736,11,11,17397315,1750,0,True
74321653233323,3452461,11,11,17718971,1992,0,True
74325163131323,3453091,11,11,18871013,1950,0,True
74325612221222,3453628,11,11,15393333,1673,0,True
74325613121312,3453792,11,11,19622452,2107,0,True
74325613131212,3453816,11,11,15413250,1589,0,True
74325613133333,3453839,11,11,16535385,1865,0,True
74361253112132,3460331,11,11,18615060,1888,0,True
74361253211231,3460406,11,11,13594670,1358,0,True
74365211121221,3463510,11,11,14862978,1664,0,True
74365211213111,3463578,11,11,14015497,1514,0,True
74365211312111,3463650,11,11,13831183,1402,0,True
74365211313113,3463659,11,11,15308754,1611,0,True
74365211333111,3463713,11,11,15247318,1867,0,True
74365212111311,3463728,11,11,14115795,1884,0,True
74365212222323,3463846,11,11,14526736,1879,0,True
74365212333332,3463964,11,11,13812001,1763,0,True
74365213111211,3463968,11,11,14785700,1545,0,True
74365213121333,3464000,11,11,14414379,1576,0,True
74512361322233,3464411,11,11,18797819,2056,0,True
74512362313223,3464635,11,11,14050206,1534,0,True
74513263121222,3466183,11,11,28593339,3014,0,True
74521632222212,3469674,11,11,18846080,2037,0,True
74521633121213,3469827,11,11,21160363,2067,0,True
74521633121312,3469830,11,11,19467966,2067,0,True
74521633133333,3469877,11,11,21514851,2233,0,True
74521633333313,3470037,11,11,19236019,1986,0,True
74523611121113,3470796,11,11,14794989,1572,0,True
74523611131112,3470823,11,11,15320322,1634,0,True
74523611213111,3470868,11,11,15113340,1675,0,True
74523611312111,3470940,11,11,14357329,1527,0,True
74523612111311,3471018,11,11,14934882,1411,0,True
74523613111211,3471258,11,11,14313130,1425,0,True
74532163123223,3474949,11,11,17099429,1806,0,True
74561231111222,3477334,11,11,15078602,1326,0,True
74561232111113,3477573,11,11,15304540,1404,0,True
74561232221111,3477681,11,11,16967197,1466,0,True
74561233111112,3477816,11,11,16541411,1742,0,True
74561233131233,3477875,11,11,14864687,1586,0,True
74561233233323,3477976,11,11,17504648,1842,0,True
74561233311233,3477983,11,11,14894286,1566,0,True
74561233321133,3478007,11,11,14682918,2149,0,True
74561233321313,3478011,11,11,17900055,1996,0,True
74563211232332,3481127,11,11,14690742,1503,0,True
74653213133222,3499033,11,11,17243828,1759,0,True
75132463233233,3504218,11,11,17162150,1876,0,True
75143263231313,3510033,11,11,20817564,2185,0,True
75146321323331,3511808,11,11,18928960,2094,0,True
75213642223133,3517796,11,11,16404602,1707,0,True
75231463211123,3521638,11,11,23814149,2491,0,True
75234161322233,3522731,11,11,14717515,1614,0,True
75234162221111,3522879,11,11,19459053,2492,0,True
75236143213232,3524576,11,11,13709458,1693,0,True
75241632222323,3526540,11,11,16847976,1781,0,True
75243162211322,3527233,11,11,28693323,3037,0,True
75243611113232,3527654,11,11,15185635,1587,0,True
75243613213232,3528221,11,11,13229098,1379,0,True
75246131333312,3528600,11,11,18588503,2021,0,True
75246311111111,3529089,11,11,35283274,3532,0,True
75246313212311,3529671,11,11,15679358,1680,0,True
75246313312211,3529749,11,11,15221246,1362,0,True
75246313332332,3529808,11,11,15226436,1398,0,True
75261432123233,3530840,11,11,17370440,1529,0,True
75264132121232,3533009,11,11,18055022,1567,0,True
75264132223331,3533111,11,11,14125250,1224,0,True
75264132321212,3533169,11,11,18983166,1875,0,True
75264133121333,3533255,11,11,15264623,1353,0,True
75264133331213,3533439,11,11,15473622,1369,0,True
75264311223122,3533590,11,11,16470168,1495,0,True
75264313231112,3534084,11,11,18920126,1684,0,True
75312463333133,3534914,11,11,19457067,2008,0,True
75314621133221,3536455,11,11,12347157,1327,0,True
75314621313212,3536562,11,11,26920408,2388,0,True
75314623113122,3536884,11,11,13881522,1223,0,True
75316241231231,3537248,11,11,19409448,1730,0,True
75321461311112,3538728,11,11,15108131,1362,0,True
75321463132121,3539116,11,11,13669037,1246,0,True
75346122133133,3546173,11,11,17341356,1770,0,True
75346211133122,3546658,11,11,14477865,1401,0,True
75346211211311,3546672,11,11,18387554,1789,0,True
75346211311211,3546750,11,11,13657525,1522,0,True
75346212323333,3547043,11,11,17452307,2034,0,True
75346213112132,3547082,11,11,13070340,1602,0,True
75346213132121,3547135,11,11,13651936,1794,0,True
75346213132322,3547141,11,11,13785558,1551,0,True
75346213332122,3547297,11,11,14622585,1631,0,True
75412631223332,3552551,11,11,12616888,1507,0,True
75416323232213,3555966,11,11,16901004,1889,0,True
75431263133213,3560997,11,11,19301161,2463,0,True
75462132123212,3566559,11,11,25474216,2511,0,True
75613243131332,3571190,11,11,19517106,1835,0,True
75613243133213,3571203,11,11,15872837,1831,0,True
75634123323122,3581542,11,11,15191498,1619,0,True
75641323232111,3583665,11,11,14391552,1562,0,True
75642132213311,3584112,11,11,13927671,1421,0,True
76123453233323,3587326,11,11,14886292,1505,0,True
76125343333133,3590318,11,11,19709539,2044,0,True
76143252131312,3597189,11,11,16395233,1685,0,True
76143252221222,3597241,11,11,16673192,1828,0,True
76143253131212,3597429,11,11,16882118,1924,0,True
76143253331333,3597596,11,11,15631399,1571,0,True
76143253333313,3597612,11,11,21927331,2394,0,True
76145231121113,3598371,11,11,13899823,1428,0,True
76145231122112,3598380,11,11,24080177,2521,0,True
76145231131112,3598398,11,11,15025724,1552,0,True
76145231221112,3598452,11,11,24035689,2578,0,True
76145231311331,3598514,11,11,13535588,1468,0,True
76145232123332,3598640,11,11,14526949,1536,0,True
76145232233213,3598743,11,11,17962101,1908,0,True
76145232331313,3598809,11,11,13971678,1594,0,True
76145232332213,3598815,11,11,18579017,2012,0,True
76145233133213,3598905,11,11,14842931,1612,0,True
76145233232333,3598982,11,11,14106258,1603,0,True
76154323333112,3604167,11,11,17213379,1853,0,True
76213543213133,3605492,11,11,17779571,1942,0,True
76213543311332,3605561,11,11,16676759,1807,0,True
76215341231231,3607232,11,11,16006347,1704,0,True
76215433333133,3608543,11,11,18974885,1997,0,True
76231451123111,3608595,11,11,15202673,1583,0,True
76245311121131,3616598,11,11,14758098,1659,0,True
76245311131121,3616624,11,11,13286956,1455,0,True
76245311213312,3616674,11,11,14053367,1459,0,True
76245312132131,3616877,11,11,14342701,1531,0,True
76245313122122,3617092,11,11,13966705,1487,0,True
76245313123121,3617101,11,11,14058149,1562,0,True
76253141123132,3618803,11,11,13018620,1379,0,True
76253141211332,3618845,11,11,12766511,1413,0,True
76253413322312,3620175,11,11,17519189,1814,0,True
76254133311323,3620869,11,11,28092287,3165,0,True
76254313211111,3621510,11,11,24983359,2697,0,True
76312452212111,3622005,11,11,25975548,2874,0,True
76312453211111,3622239,11,11,15197364,1613,0,True
76312453311311,3622326,11,11,16710332,1759,0,True
76312542321212,3622836,11,11,16316380,1839,0,True
76312542322121,3622843,11,11,15286381,1654,0,True
76312543322222,3623089,11,11,20258858,2200,0,True
76315241112113,3624597,11,11,15992115,1684,0,True
76315241113112,3624606,11,11,13698075,1444,0,True
76315241223113,3624714,11,11,13346201,1497,0,True
76315241322122,3624787,11,11,14131088,1549,0,True
76315241323313,3624801,11,11,14893166,1609,0,True
76315241332112,3624813,11,11,13632289,1481,0,True
76315243211231,3625160,11,11,12959692,1357,0,True
76315243323323,3625288,11,11,15591733,1628,0,True
76321452122123,3626326,11,11,22212610,2369,0,True
76321452122321,3626332,11,11,22653609,2386,0,True
76321452122333,3626333,11,11,22212923,2380,0,True
76321452123323,3626341,11,11,25765202,2676,0,True
76321452212231,3626384,11,11,21503719,2177,0,True
76321452213122,3626389,11,11,22597298,2245,0,True
76321453233131,3626687,11,11,23616917,2168,0,True
76321453311233,3626699,11,11,26984003,2765,0,True
76321453313312,3626718,11,11,25355203,2626,0,True
76321453321133,3626723,11,11,22516757,2400,0,True
76321453323311,3626745,11,11,25853297,2361,0,True
76321542211112,3627099,11,11,21529509,1871,0,True
76321543211111,3627342,11,11,14465575,1587,0,True
76321543311131,3627425,11,11,15979828,1659,0,True
76324151112233,3627518,11,11,14840696,1492,0,True
76324151112323,3627520,11,11,17953956,1819,0,True
76324153323122,3628198,11,11,14666692,1467,0,True
76325411111213,3629694,11,11,15358448,1507,0,True
76325411111312,3629697,11,11,18953108,1917,0,True
76325411112131,3629702,11,11,14032147,1612,0,True
76325411113121,3629710,11,11,15391070,1504,0,True
76325411122121,3629728,11,11,15198622,1502,0,True
76325411331311,3629913,11,11,16371458,1624,0,True
76325412112121,3629944,11,11,19085447,1806,0,True
76325412231212,3630072,11,11,16407197,1644,0,True
76325412333233,3630173,11,11,16311973,1667,0,True
76325413222223,3630298,11,11,15097479,1553,0,True
76341251111213,3630423,11,11,14986848,1545,0,True
76341251111312,3630426,11,11,18684708,1883,0,True
76341251112131,3630431,11,11,16503736,1595,0,True
76341251113121,3630439,11,11,15126242,1486,0,True
76341251221121,3630529,11,11,15850106,1577,0,True
76341251311313,3630588,11,11,15192683,1392,0,True
76341252232313,3630813,11,11,14832757,1385,0,True
76341252323333,3630878,11,11,16268116,1558,0,True
76341253221212,3631017,11,11,16734844,1708,0,True
76341253233131,3631061,11,11,13467780,1423,0,True
76342511111231,3632612,11,11,12683357,1466,0,True
76342511111321,3632614,11,11,16321166,1744,0,True
76342511323112,3632814,11,11,13407116,1498,0,True
76342512232223,3632998,11,11,16081731,1463,0,True
76342513213112,3633192,11,11,19520343,1750,0,True
76342513322111,3633291,11,11,20323965,1807,0,True
76342513323122,3633301,11,11,14188823,1371,0,True
76342513323212,3633303,11,11,15297840,1367,0,True
76345122211112,3633660,11,11,20899508,1845,0,True
76345122211121,3633661,11,11,16751695,1483,0,True
76345122213311,3633684,11,11,13985798,1258,0,True
76345122311111,3633741,11,11,16897594,1506,0,True
76345123211111,3633903,11,11,14257599,1283,0,True
76345123311113,3633984,11,11,16474283,1476,0,True
76345123311131,3633986,11,11,15728816,1384,0,True
76345123312211,3633996,11,11,13404379,1179,0,True
76351421112323,3635539,11,11,19359356,1752,0,True
76351421113322,3635548,11,11,14392621,1314,0,True
76351423321232,3636203,11,11,15210738,1355,0,True
76354121121212,3637740,11,11,17798682,1605,0,True
76354121122121,3637747,11,11,14938239,1303,0,True
76354121311313,3637878,11,11,15229476,1335,0,True
76354121313131,3637892,11,11,16787038,1577,0,True
76354122111212,3637956,11,11,19516665,1945,0,True
76354122112121,3637963,11,11,16233632,1865,0,True
76354122212222,3638047,11,11,15490336,1919,0,True
76354123211123,3638278,11,11,16596725,1998,0,True
76354123211132,3638279,11,11,14415455,1629,0,True
76354123313333,3638384,11,11,16933074,2010,0,True
76354212213323,3638788,11,11,15406185,1648,0,True
76354212312233,3638858,11,11,15843469,1804,0,True
76354212313322,3638869,11,11,16872460,1781,0,True
76354212333332,3638924,11,11,15509667,1611,0,True
76354213222223,3639046,11,11,15214424,1643,0,True
76354213312223,3639100,11,11,14273301,1472,0,True
76421351131121,3643597,11,11,12322932,1238,0,True
76512343213313,3657255,11,11,24686132,2671,0,True
76512343332311,3657381,11,11,24624655,2781,0,True
76514321112323,3660325,11,11,16515118,2016,0,True
76514321232113,3660453,11,11,15220581,1595,0,True
76521433232333,3662405,11,11,14724511,1587,0,True
76523413223231,3663842,11,11,15488189,1669,0,True
76524313331222,3665389,11,11,19144847,2068,0,True
76541232131213,3670086,11,11,25306344,2722,0,True
76541232221222,3670141,11,11,15560233,1553,0,True
76541233121213,3670302,11,11,16046010,1739,0,True
76541233331333,3670496,11,11,17277632,1877,0,True
76541233333313,3670512,11,11,19532062,2056,0,True
76543211111111,3673431,11,11,33207387,3637,0,True
76543211212112,3673521,11,11,17042805,1804,0,True
76543211223221,3673561,11,11,13823846,1446,0,True
76543211332331,3673664,11,11,13805589,1441,0,True
76543211333333,3673673,11,11,15268049,1578,0,True
76543212132323,3673744,11,11,15224996,1647,0,True
76543212222221,3673795,11,11,14611428,1488,0,True
76543212323213,3673884,11,11,15017898,1555,0,True
76543213113131,3673937,11,11,15114189,1539,0,True
